Payment Date,Amount,Benificiary Name,Organisational Unit
2017-07-17,222.30,QUANTIFIED TREE RISK ASSESSMENT LTD,Community
2017-07-10,3250.00,STEEL AND MAW TREE EXPERTS,Community
2017-07-26,615.00,A A FOSTER,Community
2017-07-12,16.67,ALLSTAR BUSINESS SOLUTIONS LTD,Community
2017-07-19,240.68,BERENDSEN UK LTD,Community
2017-07-19,1191.61,BERENDSEN UK LTD,Community
2017-07-12,548.80,BROOK STREET (UK) LTD,Community
2017-07-19,588.00,BROOK STREET (UK) LTD,Community
2017-07-26,588.00,BROOK STREET (UK) LTD,Community
2017-07-10,795.50,DR CHRISTIAN LACHMANN,Community
2017-07-10,777.00,DR R SPENCER,Community
2017-07-10,980.50,DR VIVIENNE JAYNE POSKITT,Community
2017-07-10,488.50,FALON NAMEPLATES LTD,Community
2017-07-10,18.00,FALON NAMEPLATES LTD,Community
2017-07-26,244.80,HARROGATE TOOL & BOLT LTD,Community
2017-07-05,211.50,ODLINGS LTD,Community
2017-07-03,60.00,PMC HIRE & SALES CENTRE,Community
2017-07-03,40.00,PMC HIRE & SALES CENTRE,Community
2017-07-26,200.00,WETHERBY SKIP HIRE SERVICES,Community
2017-07-03,200.00,WETHERBY SKIP HIRE SERVICES,Community
2017-07-03,219.42,CORDANT PEOPLE LIMITED,Community
2017-07-17,219.42,CORDANT PEOPLE LIMITED,Community
2017-07-12,211.40,EDEN FARM LTD,Community
2017-07-19,326.08,EDEN FARM LTD,Community
2017-07-19,441.54,EDEN FARM LTD,Community
2017-07-26,545.74,EDEN FARM LTD,Community
2017-07-12,664.72,EDEN FARM LTD,Community
2017-07-05,796.15,EDEN FARM LTD,Community
2017-07-19,3980.00,LOGIC STREET & PARK FURNITURE LTD,Community
2017-07-05,41798.30,NORTH YORKSHIRE COUNTY COUNCIL,Community
2017-07-19,215.68,P P SNACK FOODS LTD,Community
2017-07-05,229.56,P P SNACK FOODS LTD,Community
2017-07-05,23.96,P P SNACK FOODS LTD,Community
2017-07-05,23.96,P P SNACK FOODS LTD,Community
2017-07-03,352.94,PELICAN ROUGE COFFEE SOLUTIONS LTD,Community
2017-07-03,492.28,PELICAN ROUGE COFFEE SOLUTIONS LTD,Community
2017-07-03,352.94,PELICAN ROUGE COFFEE SOLUTIONS LTD,Community
2017-07-17,600.56,PELICAN ROUGE COFFEE SOLUTIONS LTD,Community
2017-07-26,10.60,REDFERN TRAVEL LTD,Community
2017-07-26,232.40,THE PERFORMING RIGHT SOCIETY LTD,Community
2017-07-05,2167.00,UK CONTAINER MAINTENANCE LTD,Community
2017-07-12,418.22,YORKSHIRE WATER PLC,Community
2017-07-12,270.00,ACORN LIGHTING SERVICES,Community
2017-07-05,875.00,ACORN LIGHTING SERVICES,Community
2017-07-05,2280.00,ACORN LIGHTING SERVICES,Community
2017-07-05,875.00,ACORN LIGHTING SERVICES,Community
2017-07-12,51.30,ALLSTAR BUSINESS SOLUTIONS LTD,Community
2017-07-12,51.30,ALLSTAR BUSINESS SOLUTIONS LTD,Community
2017-07-26,264.80,DESIGNA UK LTD,Community
2017-07-12,1268.40,IMPERIAL CIVIL ENFORCEMENT SOLUTIONS,Community
2017-07-26,210.00,IMPERIAL CIVIL ENFORCEMENT SOLUTIONS,Community
2017-07-19,282.35,KELTIC LTD,Community
2017-07-12,505.90,KELTIC LTD,Community
2017-07-31,4250.00,ODEON CINEMAS LTD,Community
2017-07-26,4487.00,PARKEON LTD,Community
2017-07-26,45.00,PARKEON LTD,Community
2017-07-19,616.00,PARKEON LTD,Community
2017-07-19,1092.00,PARKEON LTD,Community
2017-07-17,850.00,WHARFEDALE FINANCE CO.,Community
2017-07-26,503.44,ATS EUROMASTER LTD,Community
2017-07-26,569.52,ATS EUROMASTER LTD,Community
2017-07-26,1197.12,ATS EUROMASTER LTD,Community
2017-07-26,79.37,ATS EUROMASTER LTD,Community
2017-07-26,70.08,ATS EUROMASTER LTD,Community
2017-07-26,26.30,ATS EUROMASTER LTD,Community
2017-07-26,96.38,ATS EUROMASTER LTD,Community
2017-07-26,21.00,ATS EUROMASTER LTD,Community
2017-07-26,200.89,ATS EUROMASTER LTD,Community
2017-07-26,193.53,ATS EUROMASTER LTD,Community
2017-07-26,75.74,ATS EUROMASTER LTD,Community
2017-07-26,474.20,ATS EUROMASTER LTD,Community
2017-07-26,224.02,ATS EUROMASTER LTD,Community
2017-07-26,40.00,ATS EUROMASTER LTD,Community
2017-07-26,224.02,ATS EUROMASTER LTD,Community
2017-07-26,662.98,ATS EUROMASTER LTD,Community
2017-07-26,224.02,ATS EUROMASTER LTD,Community
2017-07-26,224.02,ATS EUROMASTER LTD,Community
2017-07-26,543.44,ATS EUROMASTER LTD,Community
2017-07-26,454.54,ATS EUROMASTER LTD,Community
2017-07-26,501.96,ATS EUROMASTER LTD,Community
2017-07-26,564.96,ATS EUROMASTER LTD,Community
2017-07-26,395.87,ATS EUROMASTER LTD,Community
2017-07-26,164.56,ATS EUROMASTER LTD,Community
2017-07-26,87.58,ATS EUROMASTER LTD,Community
2017-07-26,9.92,ATS EUROMASTER LTD,Community
2017-07-26,101.98,ATS EUROMASTER LTD,Community
2017-07-26,35.04,ATS EUROMASTER LTD,Community
2017-07-26,72.75,ATS EUROMASTER LTD,Community
2017-07-26,49.71,ATS EUROMASTER LTD,Community
2017-07-05,235.73,BARRY CARTER MOTOR PRODUCTS LTD,Community
2017-07-19,322.72,BARRY CARTER MOTOR PRODUCTS LTD,Community
2017-07-05,159.00,BARRY CARTER MOTOR PRODUCTS LTD,Community
2017-07-05,159.00,BARRY CARTER MOTOR PRODUCTS LTD,Community
2017-07-26,343.27,CROSSROADS TRUCK & BUS,Community
2017-07-12,512.28,CROSSROADS TRUCK & BUS,Community
2017-07-05,145.18,DENNIS EAGLE LTD,Community
2017-07-05,72.77,DENNIS EAGLE LTD,Community
2017-07-19,538.30,DENNIS EAGLE LTD,Community
2017-07-05,978.03,DENNIS EAGLE LTD,Community
2017-07-26,3500.00,EURO MUNICIPAL LTD,Community
2017-07-12,218.20,EVANS HALSHAW DAF LEEDS,Community
2017-07-05,219.60,EVANS HALSHAW DAF LEEDS,Community
2017-07-12,148.20,EVANS HALSHAW DAF LEEDS,Community
2017-07-12,222.12,EVANS HALSHAW DAF LEEDS,Community
2017-07-26,91.98,GIBSONS GARDEN MACHINERY LTD,Community
2017-07-26,81.36,GIBSONS GARDEN MACHINERY LTD,Community
2017-07-26,39.14,GIBSONS GARDEN MACHINERY LTD,Community
2017-07-10,285.25,GIBSONS GARDEN MACHINERY LTD,Community
2017-07-19,215.53,MEND A HOSE HYDRAULICS LTD,Community
2017-07-12,178.46,PROBRUSH,Community
2017-07-12,178.47,PROBRUSH,Community
2017-07-12,178.46,PROBRUSH,Community
2017-07-12,178.46,PROBRUSH,Community
2017-07-19,910.00,ROSTEK UK LTD,Community
2017-07-17,6899.83,RUSSELLS (KIRKBYMOORSIDE) LTD,Community
2017-07-19,259.00,S & W SERVICES (YORKSHIRE) LTD,Community
2017-07-19,221.50,TERBERG MATEC UK,Community
2017-07-05,706.25,TERBERG MATEC UK,Community
2017-07-19,879.70,TERBERG MATEC UK,Community
2017-07-17,175.72,HAMBLETON DISTRICT COUNCIL,Community
2017-07-31,2365.00,BAYDALE CONTROL SYSTEMS LTD,Community
2017-07-26,10480.00,BAYDALE CONTROL SYSTEMS LTD,Community
2017-07-19,212.50,BAYDALE CONTROL SYSTEMS LTD,Community
2017-07-19,110.00,BAYDALE CONTROL SYSTEMS LTD,Community
2017-07-19,110.00,BAYDALE CONTROL SYSTEMS LTD,Community
2017-07-05,247.50,BAYDALE CONTROL SYSTEMS LTD,Community
2017-07-05,495.00,MEDIA DISPLAYS,Community
2017-07-05,104.00,PMD MAGNETICS,Community
2017-07-05,104.00,PMD MAGNETICS,Community
2017-07-05,70.00,PMD MAGNETICS,Community
2017-07-05,39.10,PMD MAGNETICS,Community
2017-07-05,490.00,THE CCTV TRAINING ACADEMY LTD,Community
2017-07-17,351.44,HAMBLETON DISTRICT COUNCIL,Community
2017-07-03,1426.72,NORTHUMBRIAN WATER LIMITED (NWL),Community
2017-07-19,424.00,PUBLIC POLICY EXCHANGE LTD,Community
2017-07-12,1700.00,RICARDO-AEA LIMITED,Community
2017-07-12,1673.10,BEMROSE BOOTH PARAGON LTD,Community
2017-07-12,45.00,BEMROSE BOOTH PARAGON LTD,Community
2017-07-31,672000.00,NORTH YORKSHIRE COUNTY COUNCIL,Community
2017-07-12,259.00,ARGYLL GUEST HOUSE,Community
2017-07-24,1075.00,BRIDGE PROPERTIES,Community
2017-07-12,590.00,GILLIAN HADFIELD,Community
2017-07-26,600.00,HUNTERS LETTING & MANAGEMENT,Community
2017-07-05,650.00,J H WATSON PROPERTY MANAGEMENT,Community
2017-07-12,450.00,JAMSHID GHAZANI,Community
2017-07-19,1225.00,JOPLINGS ESTATE AGENTS,Community
2017-07-12,289.98,LEEDS FEDERATED HOUSING ASSOCIATION LTD,Community
2017-07-24,579.96,LEEDS FEDERATED HOUSING ASSOCIATION LTD,Community
2017-07-17,1900.00,LETS LIVE LEEDS LIMITED,Community
2017-07-31,1300.00,NIDDERDALE PROPERTIES,Community
2017-07-24,500.00,PROPERTY RIPON LTD T/A HUNTERS ESTATE AGENTS,Community
2017-07-05,600.00,R ARTHUR,Community
2017-07-12,700.00,SHERRINGTONS SALES AND LETTINGS LTD,Community
2017-07-31,1414.00,STUDIO ONE,Community
2017-07-31,1450.00,WINDSOR COURT PROPERTIES (CLIENT ACCOUNT),Community
2017-07-19,1000.00,"DACRE, SON & HARTLEY LTD",Community
2017-07-26,258.00,REDFERN TRAVEL LTD,Community
2017-07-26,350.00,BAYDALE CONTROL SYSTEMS LTD,Community
2017-07-26,301.66,CORONA ENERGY RETAIL 4 LTD,Community
2017-07-26,360.22,CORONA ENERGY RETAIL 4 LTD,Community
2017-07-26,400.45,CORONA ENERGY RETAIL 4 LTD,Community
2017-07-19,299.65,FURNITURE RESOURCE CENTRE LTD,Community
2017-07-26,299.65,FURNITURE RESOURCE CENTRE LTD,Community
2017-07-12,251.27,JTM SERVICE LTD,Community
2017-07-05,253.91,NPOWER LTD,Community
2017-07-05,286.39,NPOWER LTD,Community
2017-07-05,289.08,NPOWER LTD,Community
2017-07-05,295.07,NPOWER LTD,Community
2017-07-05,431.24,NPOWER LTD,Community
2017-07-05,442.78,NPOWER LTD,Community
2017-07-05,12.08,NPOWER LTD,Community
2017-07-05,13.23,NPOWER LTD,Community
2017-07-05,13.16,NPOWER LTD,Community
2017-07-05,14.06,NPOWER LTD,Community
2017-07-05,19.78,NPOWER LTD,Community
2017-07-05,20.77,NPOWER LTD,Community
2017-07-17,1184.96,SECTOR SECURITY SERVICE LTD,Community
2017-07-26,1184.96,SECTOR SECURITY SERVICE LTD,Community
2017-07-05,1269.60,SECTOR SECURITY SERVICE LTD,Community
2017-07-05,320.60,YORKSHIRE WATER PLC,Community
2017-07-05,210.00,ENVIRONTEC LIMITED,Community
2017-07-19,590.00,ENVIROVENT LTD,Community
2017-07-03,406.92,GRAFTON MERCHANTING GB LTD,Community
2017-07-03,210.80,GRAFTON MERCHANTING GB LTD,Community
2017-07-03,22.43,GRAFTON MERCHANTING GB LTD,Community
2017-07-03,22.43,GRAFTON MERCHANTING GB LTD,Community
2017-07-19,272.47,GRAFTON MERCHANTING GB LTD,Community
2017-07-19,374.20,GRAFTON MERCHANTING GB LTD,Community
2017-07-12,165.00,GRAFTON MERCHANTING GB LTD,Community
2017-07-12,517.38,GRAFTON MERCHANTING GB LTD,Community
2017-07-24,89.16,GRAFTON MERCHANTING GB LTD,Community
2017-07-05,115.00,GRAFTON MERCHANTING GB LTD,Community
2017-07-05,60.25,GRAFTON MERCHANTING GB LTD,Community
2017-07-05,2026.46,GRAFTON MERCHANTING GB LTD,Community
2017-07-05,399.79,GRAFTON MERCHANTING GB LTD,Community
2017-07-05,6.55,GRAFTON MERCHANTING GB LTD,Community
2017-07-24,741.75,HAYS SPECIALIST RECRUITMENT,Community
2017-07-05,795.50,HAYS SPECIALIST RECRUITMENT,Community
2017-07-17,795.50,HAYS SPECIALIST RECRUITMENT,Community
2017-07-17,795.50,HAYS SPECIALIST RECRUITMENT,Community
2017-07-12,1846.95,HELP-LINK UK LTD,Community
2017-07-26,2263.84,HELP-LINK UK LTD,Community
2017-07-26,2403.61,HELP-LINK UK LTD,Community
2017-07-12,3472.49,HELP-LINK UK LTD,Community
2017-07-12,8183.48,HELP-LINK UK LTD,Community
2017-07-12,695.00,HOPGROVE PRODUCTIONS LIMITED,Community
2017-07-26,792.00,JOHN NIXON LIMITED,Community
2017-07-12,3390.00,KEEPMOAT REGENERATION LTD,Community
2017-07-12,3816.43,KEEPMOAT REGENERATION LTD,Community
2017-07-26,30.00,MATTHEW FLETCHER,Community
2017-07-26,30.00,MATTHEW FLETCHER,Community
2017-07-26,30.00,MATTHEW FLETCHER,Community
2017-07-26,30.00,MATTHEW FLETCHER,Community
2017-07-26,30.00,MATTHEW FLETCHER,Community
2017-07-26,30.00,MATTHEW FLETCHER,Community
2017-07-12,225.00,NORTON INTERIORS LTD,Community
2017-07-03,350.00,NORTON INTERIORS LTD,Community
2017-07-12,3034.00,NORTON INTERIORS LTD,Community
2017-07-12,3159.00,NORTON INTERIORS LTD,Community
2017-07-05,3575.00,NORTON INTERIORS LTD,Community
2017-07-12,3679.00,NORTON INTERIORS LTD,Community
2017-07-12,3813.00,NORTON INTERIORS LTD,Community
2017-07-19,3891.00,NORTON INTERIORS LTD,Community
2017-07-12,3915.00,NORTON INTERIORS LTD,Community
2017-07-12,3978.00,NORTON INTERIORS LTD,Community
2017-07-19,3987.00,NORTON INTERIORS LTD,Community
2017-07-12,4009.65,NORTON INTERIORS LTD,Community
2017-07-12,4097.00,NORTON INTERIORS LTD,Community
2017-07-19,4103.00,NORTON INTERIORS LTD,Community
2017-07-19,4142.00,NORTON INTERIORS LTD,Community
2017-07-19,4242.00,NORTON INTERIORS LTD,Community
2017-07-12,4341.00,NORTON INTERIORS LTD,Community
2017-07-19,4419.00,NORTON INTERIORS LTD,Community
2017-07-12,4609.65,NORTON INTERIORS LTD,Community
2017-07-12,5137.15,NORTON INTERIORS LTD,Community
2017-07-12,426.98,WALTER HARTLEY LTD,Community
2017-07-12,19999.59,WESTVILLE LIMITED,Community
2017-07-12,29766.65,WESTVILLE LIMITED,Community
2017-07-12,39999.18,WESTVILLE LIMITED,Community
2017-07-19,358.81,TRUSTMARQUE SOLUTIONS LTD,Community
2017-07-17,792.00,DISCLOSURE AND BARRING SERVICE,Community
2017-07-17,175.72,HAMBLETON DISTRICT COUNCIL,Community
2017-07-19,294.00,KWIK-FIT FLEET,Community
2017-07-26,790.00,MIKE WILSON MOTORS,Community
2017-07-17,1120.00,SIMON GRAEME LTD,Community
2017-07-05,1320.00,SIMON GRAEME LTD,Community
2017-07-12,814.75,ALLPAY LTD,Community
2017-07-10,1157.05,DULUX DECORATOR CENTRE,Community
2017-07-10,1201.24,DULUX DECORATOR CENTRE,Community
2017-07-26,1487.61,DULUX DECORATOR CENTRE,Community
2017-07-05,251.20,NPOWER LTD,Community
2017-07-05,254.74,NPOWER LTD,Community
2017-07-10,25876.42,PROBATE & ESTATE ADMINISTRATION LTD,Community
2017-07-26,157.50,REDFERN TRAVEL LTD,Community
2017-07-26,157.50,REDFERN TRAVEL LTD,Community
2017-07-26,705.00,TIG,Community
2017-07-19,229.93,ALMSCLIFFE TENNIS & BOWLING CLUB,Community
2017-07-19,177.90,ALMSCLIFFE TENNIS & BOWLING CLUB,Community
2017-07-19,352.90,ALMSCLIFFE TENNIS & BOWLING CLUB,Community
2017-07-19,235.27,ALMSCLIFFE TENNIS & BOWLING CLUB,Community
2017-07-19,1000.00,CHAINSAW SCULPTURE LTD,Community
2017-07-31,1931.10,HAMPSTHWAITE VILLAGE ROOM,Community
2017-07-26,475.00,HARROGATE SCAFFOLDING,Community
2017-07-31,1821.60,LITTLETHORPE VILLAGE HALL,Community
2017-07-12,165.00,NORTH YORKSHIRE COUNTY COUNCIL,Community
2017-07-12,2830.61,NORTH YORKSHIRE COUNTY COUNCIL,Community
2017-07-12,156.90,NORTH YORKSHIRE COUNTY COUNCIL,Community
2017-07-12,78.45,NORTH YORKSHIRE COUNTY COUNCIL,Community
2017-07-12,941.41,NORTH YORKSHIRE COUNTY COUNCIL,Community
2017-07-12,208.71,NORTH YORKSHIRE COUNTY COUNCIL,Community
2017-07-12,196.13,NORTH YORKSHIRE COUNTY COUNCIL,Community
2017-07-12,156.90,NORTH YORKSHIRE COUNTY COUNCIL,Community
2017-07-12,5420.72,NORTH YORKSHIRE COUNTY COUNCIL,Community
2017-07-12,147.93,NORTH YORKSHIRE COUNTY COUNCIL,Community
2017-07-12,197.24,NORTH YORKSHIRE COUNTY COUNCIL,Community
2017-07-31,852.00,RAINTON WITH NEWBY VILLAGE HALL,Community
2017-07-31,71.03,ST JOHN THE BAPTIST,Community
2017-07-31,213.10,ST JOHN THE BAPTIST,Community
2017-07-31,213.10,ST JOHN THE BAPTIST,Community
2017-07-31,284.04,ST JOHN THE BAPTIST,Community
2017-07-31,71.03,ST JOHN THE BAPTIST,Community
2017-07-31,632.18,ST JOHN THE BAPTIST,Community
2017-07-31,510.00,ST ROBERTS CHURCH,Community
2017-07-26,4550.00,SUSTRANS LTD,Community
2017-07-31,563.00,WHIXLEY VILLAGE HALL,Community
2017-07-31,835.00,WHIXLEY VILLAGE HALL,Community
2017-07-05,300.00,A1 TRUCK AND PLANT HIRE,Community
2017-07-31,300.00,A1 TRUCK AND PLANT HIRE,Community
2017-07-31,759.00,A1 TRUCK AND PLANT HIRE,Community
2017-07-05,750.00,AFI-UPLIFT LIMITED,Community
2017-07-12,720.49,ALLSTAR BUSINESS SOLUTIONS LTD,Community
2017-07-31,261.00,BOB COWELL,Community
2017-07-31,569.00,BOB COWELL,Community
2017-07-31,69.00,BOB COWELL,Community
2017-07-31,15.00,BOB COWELL,Community
2017-07-26,4046.42,BULRUSH HORTICULTURE LTD,Community
2017-07-26,525.00,D C HARGREAVES,Community
2017-07-26,406.00,EAST RIDING HORTICULTURE LTD,Community
2017-07-24,3399.60,GUSTO DIRECT LTD,Community
2017-07-05,1271.17,NORTH YORKSHIRE MOUNTED RANGER,Community
2017-07-26,359.17,NORTHGATE VEHICLE HIRE LTD,Community
2017-07-26,470.56,NORTHGATE VEHICLE HIRE LTD,Community
2017-07-03,270.00,PEACOCK BROTHERS,Community
2017-07-03,160.00,PMC HIRE & SALES CENTRE,Community
2017-07-03,447.30,TRAVAIL EMPLOYMENT GROUP LTD,Community
2017-07-03,447.30,TRAVAIL EMPLOYMENT GROUP LTD,Community
2017-07-17,447.30,TRAVAIL EMPLOYMENT GROUP LTD,Community
2017-07-12,447.30,TRAVAIL EMPLOYMENT GROUP LTD,Community
2017-07-19,447.30,TRAVAIL EMPLOYMENT GROUP LTD,Community
2017-07-03,804.08,TRAVAIL EMPLOYMENT GROUP LTD,Community
2017-07-03,1608.16,TRAVAIL EMPLOYMENT GROUP LTD,Community
2017-07-17,2327.04,TRAVAIL EMPLOYMENT GROUP LTD,Community
2017-07-19,3493.20,TRAVAIL EMPLOYMENT GROUP LTD,Community
2017-07-03,200.00,WETHERBY SKIP HIRE SERVICES,Community
2017-07-26,200.00,WETHERBY SKIP HIRE SERVICES,Community
2017-07-26,200.00,WETHERBY SKIP HIRE SERVICES,Community
2017-07-26,200.00,WETHERBY SKIP HIRE SERVICES,Community
2017-07-03,200.00,WETHERBY SKIP HIRE SERVICES,Community
2017-07-03,1005.68,PASSMORE,Community
2017-07-03,9659.04,PASSMORE,Community
2017-07-19,8000.00,RDV CONTRACTING LTD,Community
2017-07-10,500.00,WESSEX LIFT CO LIMITED,Community
2017-07-03,1287.76,YORKSHIRE HOUSING FOUNDATION,Community
2017-07-24,225.00,HILL CANNON (UK) LLP,Community
2017-07-26,30.00,MATTHEW FLETCHER,Community
2017-07-26,30.00,MATTHEW FLETCHER,Community
2017-07-26,30.00,MATTHEW FLETCHER,Community
2017-07-19,100.00,VERITY FREARSON LTD,Community
2017-07-19,100.00,VERITY FREARSON LTD,Community
2017-07-19,100.00,VERITY FREARSON LTD,Community
2017-07-19,100.00,VERITY FREARSON LTD,Community
2017-07-19,100.00,VERITY FREARSON LTD,Community
2017-07-19,100.00,VERITY FREARSON LTD,Community
2017-07-19,100.00,VERITY FREARSON LTD,Community
2017-07-19,100.00,VERITY FREARSON LTD,Community
2017-07-19,100.00,VERITY FREARSON LTD,Community
2017-07-19,100.00,VERITY FREARSON LTD,Community
2017-07-19,100.00,VERITY FREARSON LTD,Community
2017-07-19,100.00,VERITY FREARSON LTD,Community
2017-07-19,100.00,VERITY FREARSON LTD,Community
2017-07-19,100.00,VERITY FREARSON LTD,Community
2017-07-19,100.00,VERITY FREARSON LTD,Community
2017-07-19,100.00,VERITY FREARSON LTD,Community
2017-07-12,1942.11,ALLSTAR BUSINESS SOLUTIONS LTD,Community
2017-07-05,302.85,ALTERNATIVE WINDOWS (LEEDS) LTD,Community
2017-07-12,1285.08,ALTERNATIVE WINDOWS (LEEDS) LTD,Community
2017-07-05,901.85,ALTERNATIVE WINDOWS (LEEDS) LTD,Community
2017-07-12,2371.61,ALTERNATIVE WINDOWS (LEEDS) LTD,Community
2017-07-19,211.90,ARCO LTD,Community
2017-07-26,212.00,CLARKES ENVIRONMENTAL LTD,Community
2017-07-12,224.00,CLARKES ENVIRONMENTAL LTD,Community
2017-07-05,7.00,COXON BROTHERS,Community
2017-07-05,46.00,COXON BROTHERS,Community
2017-07-05,12.00,COXON BROTHERS,Community
2017-07-05,35.00,COXON BROTHERS,Community
2017-07-05,18.00,COXON BROTHERS,Community
2017-07-05,7.00,COXON BROTHERS,Community
2017-07-05,7.00,COXON BROTHERS,Community
2017-07-05,12.00,COXON BROTHERS,Community
2017-07-05,12.00,COXON BROTHERS,Community
2017-07-05,6.00,COXON BROTHERS,Community
2017-07-05,8.00,COXON BROTHERS,Community
2017-07-05,10.00,COXON BROTHERS,Community
2017-07-05,5.00,COXON BROTHERS,Community
2017-07-05,15.00,COXON BROTHERS,Community
2017-07-05,95.00,COXON BROTHERS,Community
2017-07-05,16.00,COXON BROTHERS,Community
2017-07-05,12.00,COXON BROTHERS,Community
2017-07-05,40.00,COXON BROTHERS,Community
2017-07-05,8.75,COXON BROTHERS,Community
2017-07-05,8.75,COXON BROTHERS,Community
2017-07-05,6.00,COXON BROTHERS,Community
2017-07-05,21.00,COXON BROTHERS,Community
2017-07-05,12.00,COXON BROTHERS,Community
2017-07-05,22.00,COXON BROTHERS,Community
2017-07-05,62.00,COXON BROTHERS,Community
2017-07-05,70.00,COXON BROTHERS,Community
2017-07-05,18.00,COXON BROTHERS,Community
2017-07-05,40.00,COXON BROTHERS,Community
2017-07-05,4.00,COXON BROTHERS,Community
2017-07-05,15.00,COXON BROTHERS,Community
2017-07-05,8.00,COXON BROTHERS,Community
2017-07-05,4.00,COXON BROTHERS,Community
2017-07-05,23.00,COXON BROTHERS,Community
2017-07-05,12.50,COXON BROTHERS,Community
2017-07-05,4.00,COXON BROTHERS,Community
2017-07-05,20.00,COXON BROTHERS,Community
2017-07-05,30.00,COXON BROTHERS,Community
2017-07-05,8.00,COXON BROTHERS,Community
2017-07-05,12.00,COXON BROTHERS,Community
2017-07-05,12.00,COXON BROTHERS,Community
2017-07-05,30.00,COXON BROTHERS,Community
2017-07-05,20.00,COXON BROTHERS,Community
2017-07-05,6.00,COXON BROTHERS,Community
2017-07-19,250.00,ENVIRONTEC LIMITED,Community
2017-07-05,250.00,ENVIRONTEC LIMITED,Community
2017-07-05,250.00,ENVIRONTEC LIMITED,Community
2017-07-19,250.00,ENVIRONTEC LIMITED,Community
2017-07-26,250.00,ENVIRONTEC LIMITED,Community
2017-07-26,250.00,ENVIRONTEC LIMITED,Community
2017-07-05,225.00,ENVIROVENT LTD,Community
2017-07-19,225.00,ENVIROVENT LTD,Community
2017-07-26,225.00,ENVIROVENT LTD,Community
2017-07-12,546.86,ENVIROVENT LTD,Community
2017-07-05,550.00,ENVIROVENT LTD,Community
2017-07-19,236.00,G & G SIGNS,Community
2017-07-05,290.00,GOLDSTAR MULTI CLEANING & MAINTENANCE SERVICES,Community
2017-07-05,310.00,GOLDSTAR MULTI CLEANING & MAINTENANCE SERVICES,Community
2017-07-19,510.00,GOLDSTAR MULTI CLEANING & MAINTENANCE SERVICES,Community
2017-07-12,540.00,GOLDSTAR MULTI CLEANING & MAINTENANCE SERVICES,Community
2017-07-19,680.00,GOLDSTAR MULTI CLEANING & MAINTENANCE SERVICES,Community
2017-07-05,820.00,GOLDSTAR MULTI CLEANING & MAINTENANCE SERVICES,Community
2017-07-12,237.92,GRAFTON MERCHANTING GB LTD,Community
2017-07-19,283.37,GRAFTON MERCHANTING GB LTD,Community
2017-07-12,482.59,GRAFTON MERCHANTING GB LTD,Community
2017-07-05,658.21,GRAFTON MERCHANTING GB LTD,Community
2017-07-26,1058.20,GRAFTON MERCHANTING GB LTD,Community
2017-07-24,1091.96,GRAFTON MERCHANTING GB LTD,Community
2017-07-12,1546.53,GRAFTON MERCHANTING GB LTD,Community
2017-07-12,452.52,GRAFTON MERCHANTING GB LTD,Community
2017-07-12,1591.58,GRAFTON MERCHANTING GB LTD,Community
2017-07-05,2165.48,GRAFTON MERCHANTING GB LTD,Community
2017-07-05,2186.54,GRAFTON MERCHANTING GB LTD,Community
2017-07-19,2337.05,GRAFTON MERCHANTING GB LTD,Community
2017-07-26,2427.86,GRAFTON MERCHANTING GB LTD,Community
2017-07-19,889.00,GRAFTON MERCHANTING GB LTD,Community
2017-07-19,1638.90,GRAFTON MERCHANTING GB LTD,Community
2017-07-12,2616.78,GRAFTON MERCHANTING GB LTD,Community
2017-07-05,2725.42,GRAFTON MERCHANTING GB LTD,Community
2017-07-19,4015.69,GRAFTON MERCHANTING GB LTD,Community
2017-07-26,391.60,GRAFTON MERCHANTING GB LTD,Community
2017-07-31,317.34,H BEARDMORE DOBSON & SONS LTD,Community
2017-07-26,384.00,HAVEN BUILDING & MAINTENANCE,Community
2017-07-26,488.00,HAVEN BUILDING & MAINTENANCE,Community
2017-07-26,592.00,HAVEN BUILDING & MAINTENANCE,Community
2017-07-05,1044.00,HAVEN BUILDING & MAINTENANCE,Community
2017-07-05,1092.00,HAVEN BUILDING & MAINTENANCE,Community
2017-07-19,1152.00,HAVEN BUILDING & MAINTENANCE,Community
2017-07-05,1392.00,HAVEN BUILDING & MAINTENANCE,Community
2017-07-12,256.25,HAYS SPECIALIST RECRUITMENT,Community
2017-07-24,381.25,HAYS SPECIALIST RECRUITMENT,Community
2017-07-03,437.50,HAYS SPECIALIST RECRUITMENT,Community
2017-07-17,456.25,HAYS SPECIALIST RECRUITMENT,Community
2017-07-24,462.50,HAYS SPECIALIST RECRUITMENT,Community
2017-07-03,610.50,HAYS SPECIALIST RECRUITMENT,Community
2017-07-03,610.50,HAYS SPECIALIST RECRUITMENT,Community
2017-07-17,610.50,HAYS SPECIALIST RECRUITMENT,Community
2017-07-17,610.50,HAYS SPECIALIST RECRUITMENT,Community
2017-07-24,610.50,HAYS SPECIALIST RECRUITMENT,Community
2017-07-26,236.57,HELP-LINK UK LTD,Community
2017-07-05,98.16,HELP-LINK UK LTD,Community
2017-07-05,98.16,HELP-LINK UK LTD,Community
2017-07-05,98.16,HELP-LINK UK LTD,Community
2017-07-05,98.16,HELP-LINK UK LTD,Community
2017-07-05,98.16,HELP-LINK UK LTD,Community
2017-07-05,98.16,HELP-LINK UK LTD,Community
2017-07-05,98.16,HELP-LINK UK LTD,Community
2017-07-05,98.16,HELP-LINK UK LTD,Community
2017-07-05,98.16,HELP-LINK UK LTD,Community
2017-07-05,98.16,HELP-LINK UK LTD,Community
2017-07-05,98.16,HELP-LINK UK LTD,Community
2017-07-05,98.16,HELP-LINK UK LTD,Community
2017-07-05,98.16,HELP-LINK UK LTD,Community
2017-07-05,98.16,HELP-LINK UK LTD,Community
2017-07-05,98.16,HELP-LINK UK LTD,Community
2017-07-05,98.16,HELP-LINK UK LTD,Community
2017-07-05,98.16,HELP-LINK UK LTD,Community
2017-07-05,98.16,HELP-LINK UK LTD,Community
2017-07-05,98.16,HELP-LINK UK LTD,Community
2017-07-05,98.16,HELP-LINK UK LTD,Community
2017-07-05,98.16,HELP-LINK UK LTD,Community
2017-07-05,98.16,HELP-LINK UK LTD,Community
2017-07-05,98.16,HELP-LINK UK LTD,Community
2017-07-05,98.16,HELP-LINK UK LTD,Community
2017-07-05,98.16,HELP-LINK UK LTD,Community
2017-07-05,98.16,HELP-LINK UK LTD,Community
2017-07-05,98.16,HELP-LINK UK LTD,Community
2017-07-05,98.16,HELP-LINK UK LTD,Community
2017-07-05,98.16,HELP-LINK UK LTD,Community
2017-07-05,98.16,HELP-LINK UK LTD,Community
2017-07-05,98.16,HELP-LINK UK LTD,Community
2017-07-05,98.16,HELP-LINK UK LTD,Community
2017-07-05,98.16,HELP-LINK UK LTD,Community
2017-07-05,98.16,HELP-LINK UK LTD,Community
2017-07-05,98.16,HELP-LINK UK LTD,Community
2017-07-05,98.16,HELP-LINK UK LTD,Community
2017-07-05,98.16,HELP-LINK UK LTD,Community
2017-07-05,98.16,HELP-LINK UK LTD,Community
2017-07-05,98.16,HELP-LINK UK LTD,Community
2017-07-05,98.16,HELP-LINK UK LTD,Community
2017-07-05,98.16,HELP-LINK UK LTD,Community
2017-07-05,98.16,HELP-LINK UK LTD,Community
2017-07-05,98.16,HELP-LINK UK LTD,Community
2017-07-05,98.16,HELP-LINK UK LTD,Community
2017-07-05,98.16,HELP-LINK UK LTD,Community
2017-07-05,98.16,HELP-LINK UK LTD,Community
2017-07-05,98.16,HELP-LINK UK LTD,Community
2017-07-05,98.16,HELP-LINK UK LTD,Community
2017-07-05,98.16,HELP-LINK UK LTD,Community
2017-07-05,98.16,HELP-LINK UK LTD,Community
2017-07-05,98.16,HELP-LINK UK LTD,Community
2017-07-05,98.16,HELP-LINK UK LTD,Community
2017-07-05,98.16,HELP-LINK UK LTD,Community
2017-07-05,98.16,HELP-LINK UK LTD,Community
2017-07-05,98.16,HELP-LINK UK LTD,Community
2017-07-05,98.16,HELP-LINK UK LTD,Community
2017-07-05,98.16,HELP-LINK UK LTD,Community
2017-07-05,98.16,HELP-LINK UK LTD,Community
2017-07-05,98.16,HELP-LINK UK LTD,Community
2017-07-05,98.16,HELP-LINK UK LTD,Community
2017-07-05,98.16,HELP-LINK UK LTD,Community
2017-07-05,98.16,HELP-LINK UK LTD,Community
2017-07-05,98.16,HELP-LINK UK LTD,Community
2017-07-05,98.16,HELP-LINK UK LTD,Community
2017-07-05,98.16,HELP-LINK UK LTD,Community
2017-07-05,98.16,HELP-LINK UK LTD,Community
2017-07-05,98.16,HELP-LINK UK LTD,Community
2017-07-05,98.16,HELP-LINK UK LTD,Community
2017-07-05,98.16,HELP-LINK UK LTD,Community
2017-07-05,98.16,HELP-LINK UK LTD,Community
2017-07-05,98.16,HELP-LINK UK LTD,Community
2017-07-05,98.16,HELP-LINK UK LTD,Community
2017-07-05,98.16,HELP-LINK UK LTD,Community
2017-07-05,98.16,HELP-LINK UK LTD,Community
2017-07-05,98.16,HELP-LINK UK LTD,Community
2017-07-05,98.16,HELP-LINK UK LTD,Community
2017-07-05,98.16,HELP-LINK UK LTD,Community
2017-07-05,98.16,HELP-LINK UK LTD,Community
2017-07-05,98.16,HELP-LINK UK LTD,Community
2017-07-05,98.16,HELP-LINK UK LTD,Community
2017-07-05,98.16,HELP-LINK UK LTD,Community
2017-07-05,98.16,HELP-LINK UK LTD,Community
2017-07-05,98.16,HELP-LINK UK LTD,Community
2017-07-05,98.16,HELP-LINK UK LTD,Community
2017-07-05,98.16,HELP-LINK UK LTD,Community
2017-07-05,98.16,HELP-LINK UK LTD,Community
2017-07-05,98.16,HELP-LINK UK LTD,Community
2017-07-05,98.16,HELP-LINK UK LTD,Community
2017-07-05,98.16,HELP-LINK UK LTD,Community
2017-07-05,98.16,HELP-LINK UK LTD,Community
2017-07-05,98.16,HELP-LINK UK LTD,Community
2017-07-05,98.16,HELP-LINK UK LTD,Community
2017-07-05,98.16,HELP-LINK UK LTD,Community
2017-07-05,98.16,HELP-LINK UK LTD,Community
2017-07-05,98.16,HELP-LINK UK LTD,Community
2017-07-05,98.16,HELP-LINK UK LTD,Community
2017-07-05,98.16,HELP-LINK UK LTD,Community
2017-07-05,98.16,HELP-LINK UK LTD,Community
2017-07-05,98.16,HELP-LINK UK LTD,Community
2017-07-05,98.16,HELP-LINK UK LTD,Community
2017-07-05,98.16,HELP-LINK UK LTD,Community
2017-07-05,98.16,HELP-LINK UK LTD,Community
2017-07-05,98.16,HELP-LINK UK LTD,Community
2017-07-05,98.16,HELP-LINK UK LTD,Community
2017-07-05,98.16,HELP-LINK UK LTD,Community
2017-07-05,98.16,HELP-LINK UK LTD,Community
2017-07-05,98.16,HELP-LINK UK LTD,Community
2017-07-05,98.16,HELP-LINK UK LTD,Community
2017-07-05,98.16,HELP-LINK UK LTD,Community
2017-07-05,98.16,HELP-LINK UK LTD,Community
2017-07-05,98.16,HELP-LINK UK LTD,Community
2017-07-05,98.16,HELP-LINK UK LTD,Community
2017-07-05,98.16,HELP-LINK UK LTD,Community
2017-07-05,98.16,HELP-LINK UK LTD,Community
2017-07-05,98.16,HELP-LINK UK LTD,Community
2017-07-05,98.16,HELP-LINK UK LTD,Community
2017-07-05,98.16,HELP-LINK UK LTD,Community
2017-07-05,98.16,HELP-LINK UK LTD,Community
2017-07-05,98.16,HELP-LINK UK LTD,Community
2017-07-05,98.16,HELP-LINK UK LTD,Community
2017-07-05,98.16,HELP-LINK UK LTD,Community
2017-07-05,98.16,HELP-LINK UK LTD,Community
2017-07-05,98.16,HELP-LINK UK LTD,Community
2017-07-12,98.16,HELP-LINK UK LTD,Community
2017-07-12,98.16,HELP-LINK UK LTD,Community
2017-07-12,98.16,HELP-LINK UK LTD,Community
2017-07-12,98.16,HELP-LINK UK LTD,Community
2017-07-12,98.16,HELP-LINK UK LTD,Community
2017-07-12,98.16,HELP-LINK UK LTD,Community
2017-07-12,98.16,HELP-LINK UK LTD,Community
2017-07-12,98.16,HELP-LINK UK LTD,Community
2017-07-12,98.16,HELP-LINK UK LTD,Community
2017-07-12,98.16,HELP-LINK UK LTD,Community
2017-07-12,98.16,HELP-LINK UK LTD,Community
2017-07-12,98.16,HELP-LINK UK LTD,Community
2017-07-12,98.16,HELP-LINK UK LTD,Community
2017-07-12,98.16,HELP-LINK UK LTD,Community
2017-07-12,98.16,HELP-LINK UK LTD,Community
2017-07-12,98.16,HELP-LINK UK LTD,Community
2017-07-12,98.16,HELP-LINK UK LTD,Community
2017-07-12,98.16,HELP-LINK UK LTD,Community
2017-07-12,98.16,HELP-LINK UK LTD,Community
2017-07-12,98.16,HELP-LINK UK LTD,Community
2017-07-12,98.16,HELP-LINK UK LTD,Community
2017-07-12,98.16,HELP-LINK UK LTD,Community
2017-07-12,98.16,HELP-LINK UK LTD,Community
2017-07-12,98.16,HELP-LINK UK LTD,Community
2017-07-12,98.16,HELP-LINK UK LTD,Community
2017-07-12,98.16,HELP-LINK UK LTD,Community
2017-07-12,98.16,HELP-LINK UK LTD,Community
2017-07-12,98.16,HELP-LINK UK LTD,Community
2017-07-12,98.16,HELP-LINK UK LTD,Community
2017-07-12,98.16,HELP-LINK UK LTD,Community
2017-07-12,98.16,HELP-LINK UK LTD,Community
2017-07-12,98.16,HELP-LINK UK LTD,Community
2017-07-12,98.16,HELP-LINK UK LTD,Community
2017-07-12,98.16,HELP-LINK UK LTD,Community
2017-07-12,98.16,HELP-LINK UK LTD,Community
2017-07-12,98.16,HELP-LINK UK LTD,Community
2017-07-12,98.16,HELP-LINK UK LTD,Community
2017-07-12,98.16,HELP-LINK UK LTD,Community
2017-07-12,98.16,HELP-LINK UK LTD,Community
2017-07-12,98.16,HELP-LINK UK LTD,Community
2017-07-12,98.16,HELP-LINK UK LTD,Community
2017-07-12,98.16,HELP-LINK UK LTD,Community
2017-07-12,98.16,HELP-LINK UK LTD,Community
2017-07-12,98.16,HELP-LINK UK LTD,Community
2017-07-12,98.16,HELP-LINK UK LTD,Community
2017-07-12,98.16,HELP-LINK UK LTD,Community
2017-07-12,98.16,HELP-LINK UK LTD,Community
2017-07-12,98.16,HELP-LINK UK LTD,Community
2017-07-12,98.16,HELP-LINK UK LTD,Community
2017-07-12,98.16,HELP-LINK UK LTD,Community
2017-07-12,98.16,HELP-LINK UK LTD,Community
2017-07-12,98.16,HELP-LINK UK LTD,Community
2017-07-12,98.16,HELP-LINK UK LTD,Community
2017-07-12,98.16,HELP-LINK UK LTD,Community
2017-07-12,98.16,HELP-LINK UK LTD,Community
2017-07-12,98.16,HELP-LINK UK LTD,Community
2017-07-12,98.16,HELP-LINK UK LTD,Community
2017-07-12,98.16,HELP-LINK UK LTD,Community
2017-07-12,98.16,HELP-LINK UK LTD,Community
2017-07-12,98.16,HELP-LINK UK LTD,Community
2017-07-12,98.16,HELP-LINK UK LTD,Community
2017-07-12,98.16,HELP-LINK UK LTD,Community
2017-07-12,98.16,HELP-LINK UK LTD,Community
2017-07-12,98.16,HELP-LINK UK LTD,Community
2017-07-12,98.16,HELP-LINK UK LTD,Community
2017-07-12,98.16,HELP-LINK UK LTD,Community
2017-07-12,98.16,HELP-LINK UK LTD,Community
2017-07-12,98.16,HELP-LINK UK LTD,Community
2017-07-12,98.16,HELP-LINK UK LTD,Community
2017-07-12,98.16,HELP-LINK UK LTD,Community
2017-07-12,98.16,HELP-LINK UK LTD,Community
2017-07-12,98.16,HELP-LINK UK LTD,Community
2017-07-12,98.16,HELP-LINK UK LTD,Community
2017-07-12,98.16,HELP-LINK UK LTD,Community
2017-07-12,98.16,HELP-LINK UK LTD,Community
2017-07-12,98.16,HELP-LINK UK LTD,Community
2017-07-19,2656.45,HELP-LINK UK LTD,Community
2017-07-19,1274.73,HOWDENS JOINERY LTD,Community
2017-07-19,280.26,HOWDENS JOINERY LTD,Community
2017-07-05,1469.73,HOWDENS JOINERY LTD,Community
2017-07-05,21.00,JACKSON LIFT SERVICES LIMITED,Community
2017-07-05,59.83,JACKSON LIFT SERVICES LIMITED,Community
2017-07-05,21.00,JACKSON LIFT SERVICES LIMITED,Community
2017-07-05,59.83,JACKSON LIFT SERVICES LIMITED,Community
2017-07-05,59.83,JACKSON LIFT SERVICES LIMITED,Community
2017-07-05,59.83,JACKSON LIFT SERVICES LIMITED,Community
2017-07-05,59.83,JACKSON LIFT SERVICES LIMITED,Community
2017-07-19,710.42,MASTERDOR LIMITED,Community
2017-07-05,964.85,MASTERDOR LIMITED,Community
2017-07-26,706.16,MASTERDOR LIMITED,Community
2017-07-26,716.82,MASTERDOR LIMITED,Community
2017-07-05,739.18,MASTERDOR LIMITED,Community
2017-07-19,755.16,MASTERDOR LIMITED,Community
2017-07-19,804.14,MASTERDOR LIMITED,Community
2017-07-05,906.84,MASTERDOR LIMITED,Community
2017-07-05,949.44,MASTERDOR LIMITED,Community
2017-07-26,1459.19,MASTERDOR LIMITED,Community
2017-07-26,30.00,MATTHEW FLETCHER,Community
2017-07-26,30.00,MATTHEW FLETCHER,Community
2017-07-26,30.00,MATTHEW FLETCHER,Community
2017-07-26,30.00,MATTHEW FLETCHER,Community
2017-07-26,30.00,MATTHEW FLETCHER,Community
2017-07-26,30.00,MATTHEW FLETCHER,Community
2017-07-26,30.00,MATTHEW FLETCHER,Community
2017-07-26,30.00,MATTHEW FLETCHER,Community
2017-07-26,30.00,MATTHEW FLETCHER,Community
2017-07-26,30.00,MATTHEW FLETCHER,Community
2017-07-26,30.00,MATTHEW FLETCHER,Community
2017-07-26,30.00,MATTHEW FLETCHER,Community
2017-07-26,30.00,MATTHEW FLETCHER,Community
2017-07-26,30.00,MATTHEW FLETCHER,Community
2017-07-26,30.00,MATTHEW FLETCHER,Community
2017-07-26,30.00,MATTHEW FLETCHER,Community
2017-07-26,1400.00,McNAIR UTILITIES LIMITED,Community
2017-07-19,715.00,METRO ROD LTD,Community
2017-07-26,1100.00,METRO ROD LTD,Community
2017-07-19,2120.00,METRO ROD LTD,Community
2017-07-19,210.44,MITIE PROPERTY SERVICES (UK) LTD,Community
2017-07-19,210.73,MITIE PROPERTY SERVICES (UK) LTD,Community
2017-07-19,212.22,MITIE PROPERTY SERVICES (UK) LTD,Community
2017-07-19,212.22,MITIE PROPERTY SERVICES (UK) LTD,Community
2017-07-19,212.79,MITIE PROPERTY SERVICES (UK) LTD,Community
2017-07-19,214.91,MITIE PROPERTY SERVICES (UK) LTD,Community
2017-07-26,214.91,MITIE PROPERTY SERVICES (UK) LTD,Community
2017-07-12,216.11,MITIE PROPERTY SERVICES (UK) LTD,Community
2017-07-26,217.10,MITIE PROPERTY SERVICES (UK) LTD,Community
2017-07-12,220.55,MITIE PROPERTY SERVICES (UK) LTD,Community
2017-07-26,221.79,MITIE PROPERTY SERVICES (UK) LTD,Community
2017-07-12,226.20,MITIE PROPERTY SERVICES (UK) LTD,Community
2017-07-12,230.44,MITIE PROPERTY SERVICES (UK) LTD,Community
2017-07-12,230.55,MITIE PROPERTY SERVICES (UK) LTD,Community
2017-07-26,231.99,MITIE PROPERTY SERVICES (UK) LTD,Community
2017-07-19,243.10,MITIE PROPERTY SERVICES (UK) LTD,Community
2017-07-19,243.10,MITIE PROPERTY SERVICES (UK) LTD,Community
2017-07-26,245.86,MITIE PROPERTY SERVICES (UK) LTD,Community
2017-07-26,247.84,MITIE PROPERTY SERVICES (UK) LTD,Community
2017-07-19,249.20,MITIE PROPERTY SERVICES (UK) LTD,Community
2017-07-12,249.60,MITIE PROPERTY SERVICES (UK) LTD,Community
2017-07-26,249.80,MITIE PROPERTY SERVICES (UK) LTD,Community
2017-07-12,252.04,MITIE PROPERTY SERVICES (UK) LTD,Community
2017-07-12,263.60,MITIE PROPERTY SERVICES (UK) LTD,Community
2017-07-12,263.64,MITIE PROPERTY SERVICES (UK) LTD,Community
2017-07-12,265.09,MITIE PROPERTY SERVICES (UK) LTD,Community
2017-07-12,272.15,MITIE PROPERTY SERVICES (UK) LTD,Community
2017-07-12,279.73,MITIE PROPERTY SERVICES (UK) LTD,Community
2017-07-26,280.16,MITIE PROPERTY SERVICES (UK) LTD,Community
2017-07-19,283.51,MITIE PROPERTY SERVICES (UK) LTD,Community
2017-07-12,294.20,MITIE PROPERTY SERVICES (UK) LTD,Community
2017-07-12,306.20,MITIE PROPERTY SERVICES (UK) LTD,Community
2017-07-12,311.50,MITIE PROPERTY SERVICES (UK) LTD,Community
2017-07-26,316.46,MITIE PROPERTY SERVICES (UK) LTD,Community
2017-07-12,322.65,MITIE PROPERTY SERVICES (UK) LTD,Community
2017-07-19,333.49,MITIE PROPERTY SERVICES (UK) LTD,Community
2017-07-12,354.00,MITIE PROPERTY SERVICES (UK) LTD,Community
2017-07-12,354.20,MITIE PROPERTY SERVICES (UK) LTD,Community
2017-07-12,360.20,MITIE PROPERTY SERVICES (UK) LTD,Community
2017-07-12,360.26,MITIE PROPERTY SERVICES (UK) LTD,Community
2017-07-12,401.57,MITIE PROPERTY SERVICES (UK) LTD,Community
2017-07-12,401.90,MITIE PROPERTY SERVICES (UK) LTD,Community
2017-07-12,409.60,MITIE PROPERTY SERVICES (UK) LTD,Community
2017-07-12,420.00,MITIE PROPERTY SERVICES (UK) LTD,Community
2017-07-12,420.00,MITIE PROPERTY SERVICES (UK) LTD,Community
2017-07-19,429.55,MITIE PROPERTY SERVICES (UK) LTD,Community
2017-07-19,434.00,MITIE PROPERTY SERVICES (UK) LTD,Community
2017-07-19,442.31,MITIE PROPERTY SERVICES (UK) LTD,Community
2017-07-12,458.00,MITIE PROPERTY SERVICES (UK) LTD,Community
2017-07-19,501.62,MITIE PROPERTY SERVICES (UK) LTD,Community
2017-07-12,520.04,MITIE PROPERTY SERVICES (UK) LTD,Community
2017-07-12,542.66,MITIE PROPERTY SERVICES (UK) LTD,Community
2017-07-12,549.96,MITIE PROPERTY SERVICES (UK) LTD,Community
2017-07-19,573.62,MITIE PROPERTY SERVICES (UK) LTD,Community
2017-07-26,694.49,MITIE PROPERTY SERVICES (UK) LTD,Community
2017-07-05,485.50,NORTHGATE VEHICLE HIRE LTD,Community
2017-07-26,280.98,NORTHGATE VEHICLE HIRE LTD,Community
2017-07-26,280.98,NORTHGATE VEHICLE HIRE LTD,Community
2017-07-26,326.30,NORTHGATE VEHICLE HIRE LTD,Community
2017-07-26,326.30,NORTHGATE VEHICLE HIRE LTD,Community
2017-07-26,326.30,NORTHGATE VEHICLE HIRE LTD,Community
2017-07-26,326.30,NORTHGATE VEHICLE HIRE LTD,Community
2017-07-26,326.30,NORTHGATE VEHICLE HIRE LTD,Community
2017-07-26,326.30,NORTHGATE VEHICLE HIRE LTD,Community
2017-07-26,326.30,NORTHGATE VEHICLE HIRE LTD,Community
2017-07-26,326.30,NORTHGATE VEHICLE HIRE LTD,Community
2017-07-26,326.30,NORTHGATE VEHICLE HIRE LTD,Community
2017-07-26,326.30,NORTHGATE VEHICLE HIRE LTD,Community
2017-07-26,326.30,NORTHGATE VEHICLE HIRE LTD,Community
2017-07-26,326.30,NORTHGATE VEHICLE HIRE LTD,Community
2017-07-26,326.30,NORTHGATE VEHICLE HIRE LTD,Community
2017-07-26,326.30,NORTHGATE VEHICLE HIRE LTD,Community
2017-07-26,326.30,NORTHGATE VEHICLE HIRE LTD,Community
2017-07-26,326.30,NORTHGATE VEHICLE HIRE LTD,Community
2017-07-26,326.30,NORTHGATE VEHICLE HIRE LTD,Community
2017-07-26,326.30,NORTHGATE VEHICLE HIRE LTD,Community
2017-07-26,326.30,NORTHGATE VEHICLE HIRE LTD,Community
2017-07-26,326.30,NORTHGATE VEHICLE HIRE LTD,Community
2017-07-26,326.30,NORTHGATE VEHICLE HIRE LTD,Community
2017-07-31,326.30,NORTHGATE VEHICLE HIRE LTD,Community
2017-07-31,326.30,NORTHGATE VEHICLE HIRE LTD,Community
2017-07-26,326.30,NORTHGATE VEHICLE HIRE LTD,Community
2017-07-26,334.75,NORTHGATE VEHICLE HIRE LTD,Community
2017-07-26,337.54,NORTHGATE VEHICLE HIRE LTD,Community
2017-07-26,367.25,NORTHGATE VEHICLE HIRE LTD,Community
2017-07-19,210.00,ROBINSONS FACILITIES SERVICES,Community
2017-07-19,280.00,ROBINSONS FACILITIES SERVICES,Community
2017-07-19,280.00,ROBINSONS FACILITIES SERVICES,Community
2017-07-05,492.06,SSE CONTRACTING LTD,Community
2017-07-05,824.66,SSE CONTRACTING LTD,Community
2017-07-05,230.70,SSE CONTRACTING LTD,Community
2017-07-05,279.60,SSE CONTRACTING LTD,Community
2017-07-05,356.23,SSE CONTRACTING LTD,Community
2017-07-05,621.18,SSE CONTRACTING LTD,Community
2017-07-05,757.70,SSE CONTRACTING LTD,Community
2017-07-05,859.26,SSE CONTRACTING LTD,Community
2017-07-05,914.16,SSE CONTRACTING LTD,Community
2017-07-05,934.48,SSE CONTRACTING LTD,Community
2017-07-05,1048.89,SSE CONTRACTING LTD,Community
2017-07-05,1456.33,SSE CONTRACTING LTD,Community
2017-07-05,1430.38,SSE CONTRACTING LTD,Community
2017-07-05,212.50,TUNSTON CONSTRUCTION LTD,Community
2017-07-12,216.72,TUNSTON CONSTRUCTION LTD,Community
2017-07-26,220.00,TUNSTON CONSTRUCTION LTD,Community
2017-07-05,288.00,TUNSTON CONSTRUCTION LTD,Community
2017-07-26,288.00,TUNSTON CONSTRUCTION LTD,Community
2017-07-12,299.00,TUNSTON CONSTRUCTION LTD,Community
2017-07-05,300.00,TUNSTON CONSTRUCTION LTD,Community
2017-07-26,350.79,TUNSTON CONSTRUCTION LTD,Community
2017-07-12,361.20,TUNSTON CONSTRUCTION LTD,Community
2017-07-12,361.20,TUNSTON CONSTRUCTION LTD,Community
2017-07-05,392.76,TUNSTON CONSTRUCTION LTD,Community
2017-07-26,667.06,TUNSTON CONSTRUCTION LTD,Community
2017-07-19,695.75,TUNSTON CONSTRUCTION LTD,Community
2017-07-12,1234.45,TUNSTON CONSTRUCTION LTD,Community
2017-07-12,604.32,TUNSTON CONSTRUCTION LTD,Community
2017-07-26,110.00,WALTER HARTLEY LTD,Community
2017-07-26,71.50,WALTER HARTLEY LTD,Community
2017-07-26,125.00,WALTER HARTLEY LTD,Community
2017-07-26,110.00,WALTER HARTLEY LTD,Community
2017-07-26,71.50,WALTER HARTLEY LTD,Community
2017-07-26,128.50,WALTER HARTLEY LTD,Community
2017-07-26,110.00,WALTER HARTLEY LTD,Community
2017-07-26,110.00,WALTER HARTLEY LTD,Community
2017-07-26,80.00,WALTER HARTLEY LTD,Community
2017-07-26,122.00,WALTER HARTLEY LTD,Community
2017-07-26,110.00,WALTER HARTLEY LTD,Community
2017-07-26,65.00,WALTER HARTLEY LTD,Community
2017-07-26,65.00,WALTER HARTLEY LTD,Community
2017-07-26,65.00,WALTER HARTLEY LTD,Community
2017-07-26,155.00,WALTER HARTLEY LTD,Community
2017-07-26,110.00,WALTER HARTLEY LTD,Community
2017-07-26,110.00,WALTER HARTLEY LTD,Community
2017-07-26,125.00,WALTER HARTLEY LTD,Community
2017-07-26,65.00,WALTER HARTLEY LTD,Community
2017-07-26,110.00,WALTER HARTLEY LTD,Community
2017-07-26,110.00,WALTER HARTLEY LTD,Community
2017-07-26,65.00,WALTER HARTLEY LTD,Community
2017-07-26,110.00,WALTER HARTLEY LTD,Community
2017-07-26,65.00,WALTER HARTLEY LTD,Community
2017-07-26,65.00,WALTER HARTLEY LTD,Community
2017-07-26,65.00,WALTER HARTLEY LTD,Community
2017-07-26,65.00,WALTER HARTLEY LTD,Community
2017-07-26,110.00,WALTER HARTLEY LTD,Community
2017-07-26,65.00,WALTER HARTLEY LTD,Community
2017-07-26,71.50,WALTER HARTLEY LTD,Community
2017-07-26,110.00,WALTER HARTLEY LTD,Community
2017-07-26,65.00,WALTER HARTLEY LTD,Community
2017-07-26,110.00,WALTER HARTLEY LTD,Community
2017-07-26,65.00,WALTER HARTLEY LTD,Community
2017-07-26,65.00,WALTER HARTLEY LTD,Community
2017-07-26,65.00,WALTER HARTLEY LTD,Community
2017-07-26,110.00,WALTER HARTLEY LTD,Community
2017-07-26,65.00,WALTER HARTLEY LTD,Community
2017-07-26,110.00,WALTER HARTLEY LTD,Community
2017-07-26,110.00,WALTER HARTLEY LTD,Community
2017-07-26,110.00,WALTER HARTLEY LTD,Community
2017-07-26,65.00,WALTER HARTLEY LTD,Community
2017-07-26,110.00,WALTER HARTLEY LTD,Community
2017-07-26,160.50,WALTER HARTLEY LTD,Community
2017-07-12,211.00,WALTER HARTLEY LTD,Community
2017-07-12,358.50,WALTER HARTLEY LTD,Community
2017-07-26,367.00,WALTER HARTLEY LTD,Community
2017-07-12,390.00,WALTER HARTLEY LTD,Community
2017-07-26,685.00,WALTER HARTLEY LTD,Community
2017-07-12,765.00,WALTER HARTLEY LTD,Community
2017-07-26,2275.00,WETHERBY SKIP HIRE SERVICES,Community
2017-07-12,922.00,WHARFEDALE DECORATIONS LTD,Community
2017-07-26,1570.00,WHARFEDALE DECORATIONS LTD,Community
2017-07-24,249.46,WOLSELEY UK LTD,Community
2017-07-31,339.70,WOLSELEY UK LTD,Community
2017-07-10,585.75,WOLSELEY UK LTD,Community
2017-07-17,613.78,WOLSELEY UK LTD,Community
2017-07-03,665.18,WOLSELEY UK LTD,Community
2017-07-17,718.83,WOLSELEY UK LTD,Community
2017-07-10,727.42,WOLSELEY UK LTD,Community
2017-07-31,950.11,WOLSELEY UK LTD,Community
2017-07-03,961.83,WOLSELEY UK LTD,Community
2017-07-24,1375.43,WOLSELEY UK LTD,Community
2017-07-05,2819.93,WOLSELEY UK LTD,Community
2017-07-26,247.23,CORONA ENERGY RETAIL 4 LTD,Community
2017-07-26,262.06,CORONA ENERGY RETAIL 4 LTD,Community
2017-07-26,347.64,CORONA ENERGY RETAIL 4 LTD,Community
2017-07-26,819.16,CORONA ENERGY RETAIL 4 LTD,Community
2017-07-19,215.59,NPOWER LTD,Community
2017-07-05,280.64,NPOWER LTD,Community
2017-07-05,285.59,NPOWER LTD,Community
2017-07-05,293.44,NPOWER LTD,Community
2017-07-05,306.52,NPOWER LTD,Community
2017-07-19,320.21,NPOWER LTD,Community
2017-07-05,326.97,NPOWER LTD,Community
2017-07-05,342.03,NPOWER LTD,Community
2017-07-05,391.23,NPOWER LTD,Community
2017-07-05,404.96,NPOWER LTD,Community
2017-07-19,417.74,NPOWER LTD,Community
2017-07-19,9.28,NPOWER LTD,Community
2017-07-05,13.22,NPOWER LTD,Community
2017-07-05,13.47,NPOWER LTD,Community
2017-07-05,14.24,NPOWER LTD,Community
2017-07-05,14.13,NPOWER LTD,Community
2017-07-19,15.44,NPOWER LTD,Community
2017-07-05,15.77,NPOWER LTD,Community
2017-07-05,16.60,NPOWER LTD,Community
2017-07-05,19.57,NPOWER LTD,Community
2017-07-05,20.26,NPOWER LTD,Community
2017-07-19,20.73,NPOWER LTD,Community
2017-07-24,29700.00,TUNSTALL HEALTHCARE (UK) LTD,Community
2017-07-17,2470.65,WEALDEN & EASTBOURNE LIFELINE LTD,Community
2017-07-19,54900.00,BARTEC AUTO ID LTD,Community
2017-07-05,28655.15,FORD MOTOR COMPANY,Community
2017-07-05,295.00,FORD MOTOR COMPANY,Community
2017-07-05,295.00,FORD MOTOR COMPANY,Community
2017-07-05,28655.15,FORD MOTOR COMPANY,Community
2017-07-05,295.00,FORD MOTOR COMPANY,Community
2017-07-05,295.00,FORD MOTOR COMPANY,Community
2017-07-05,332.50,SPALDINGS (UK) LTD,Community
2017-07-12,32.25,ALLSTAR BUSINESS SOLUTIONS LTD,Community
2017-07-03,135.00,BRENNTAG UK LIMITED,Community
2017-07-03,32.00,BRENNTAG UK LIMITED,Community
2017-07-03,311.00,BRENNTAG UK LIMITED,Community
2017-07-03,133.00,BRENNTAG UK LIMITED,Community
2017-07-03,89.00,BRENNTAG UK LIMITED,Community
2017-07-24,90.00,BRENNTAG UK LIMITED,Community
2017-07-24,136.00,BRENNTAG UK LIMITED,Community
2017-07-24,316.00,BRENNTAG UK LIMITED,Community
2017-07-24,23.00,BRENNTAG UK LIMITED,Community
2017-07-19,381.92,BROOK STREET (UK) LTD,Community
2017-07-05,418.84,BROOK STREET (UK) LTD,Community
2017-07-05,418.84,BROOK STREET (UK) LTD,Community
2017-07-05,418.84,BROOK STREET (UK) LTD,Community
2017-07-05,418.84,BROOK STREET (UK) LTD,Community
2017-07-12,418.84,BROOK STREET (UK) LTD,Community
2017-07-12,418.84,BROOK STREET (UK) LTD,Community
2017-07-12,418.84,BROOK STREET (UK) LTD,Community
2017-07-12,418.84,BROOK STREET (UK) LTD,Community
2017-07-05,430.68,BROOK STREET (UK) LTD,Community
2017-07-05,430.68,BROOK STREET (UK) LTD,Community
2017-07-05,430.68,BROOK STREET (UK) LTD,Community
2017-07-05,430.68,BROOK STREET (UK) LTD,Community
2017-07-19,455.84,BROOK STREET (UK) LTD,Community
2017-07-19,455.84,BROOK STREET (UK) LTD,Community
2017-07-19,455.84,BROOK STREET (UK) LTD,Community
2017-07-31,455.84,BROOK STREET (UK) LTD,Community
2017-07-26,455.84,BROOK STREET (UK) LTD,Community
2017-07-26,455.84,BROOK STREET (UK) LTD,Community
2017-07-05,676.28,CORDANT PEOPLE LIMITED,Community
2017-07-05,431.42,CORDANT PEOPLE LIMITED,Community
2017-07-05,448.81,CORDANT PEOPLE LIMITED,Community
2017-07-05,769.56,CORDANT PEOPLE LIMITED,Community
2017-07-05,448.81,CORDANT PEOPLE LIMITED,Community
2017-07-05,431.42,CORDANT PEOPLE LIMITED,Community
2017-07-17,880.23,CORDANT PEOPLE LIMITED,Community
2017-07-17,769.56,CORDANT PEOPLE LIMITED,Community
2017-07-19,448.81,CORDANT PEOPLE LIMITED,Community
2017-07-19,1200.98,CORDANT PEOPLE LIMITED,Community
2017-07-26,769.56,CORDANT PEOPLE LIMITED,Community
2017-07-26,880.23,CORDANT PEOPLE LIMITED,Community
2017-07-12,477.30,DAISY RECRUITMENT LTD,Community
2017-07-17,477.30,DAISY RECRUITMENT LTD,Community
2017-07-03,893.32,DAISY RECRUITMENT LTD,Community
2017-07-26,3861.70,GELPACK EXCELSIOR LTD,Community
2017-07-17,240.70,GELPACK EXCELSIOR LTD,Community
2017-07-17,2663.04,GELPACK EXCELSIOR LTD,Community
2017-07-19,1212.60,HEALTH AND SAFETY EXECUTIVE,Community
2017-07-03,3000.00,K.A ANDERSON METAL RECYCLERS LTD,Community
2017-07-03,8682.90,NORTH YORKSHIRE COUNTY COUNCIL WASTE MANAGEMENT SERVICES,Community
2017-07-17,8244.16,NORTH YORKSHIRE COUNTY COUNCIL WASTE MANAGEMENT SERVICES,Community
2017-07-12,9055.17,NORTH YORKSHIRE COUNTY COUNCIL WASTE MANAGEMENT SERVICES,Community
2017-07-03,7940.73,NORTH YORKSHIRE COUNTY COUNCIL WASTE MANAGEMENT SERVICES,Community
2017-07-03,9201.54,NORTH YORKSHIRE COUNTY COUNCIL WASTE MANAGEMENT SERVICES,Community
2017-07-12,1502.00,PLATINUM PRINT LTD,Community
2017-07-05,2150.00,RB RECYCLING (SCARBOROUGH) LIMITED,Community
2017-07-05,470.00,RB RECYCLING (SCARBOROUGH) LIMITED,Community
2017-07-03,1540.00,STRAIGHT MANUFACTURING LTD,Community
2017-07-03,1210.00,STRAIGHT MANUFACTURING LTD,Community
2017-07-17,702.90,TRAVAIL EMPLOYMENT GROUP LTD,Community
2017-07-26,702.90,TRAVAIL EMPLOYMENT GROUP LTD,Community
2017-07-19,724.20,TRAVAIL EMPLOYMENT GROUP LTD,Community
2017-07-05,788.10,TRAVAIL EMPLOYMENT GROUP LTD,Community
2017-07-19,2214.45,TRAVAIL EMPLOYMENT GROUP LTD,Community
2017-07-19,981.54,TRAVAIL EMPLOYMENT GROUP LTD,Community
2017-07-19,885.78,TRAVAIL EMPLOYMENT GROUP LTD,Community
2017-07-05,442.89,TRAVAIL EMPLOYMENT GROUP LTD,Community
2017-07-05,2908.71,TRAVAIL EMPLOYMENT GROUP LTD,Community
2017-07-05,957.60,TRAVAIL EMPLOYMENT GROUP LTD,Community
2017-07-19,885.78,TRAVAIL EMPLOYMENT GROUP LTD,Community
2017-07-19,1436.43,TRAVAIL EMPLOYMENT GROUP LTD,Community
2017-07-19,2022.93,TRAVAIL EMPLOYMENT GROUP LTD,Community
2017-07-17,212.80,DAISY RECRUITMENT LTD,Corporate Affairs
2017-07-03,266.00,DAISY RECRUITMENT LTD,Corporate Affairs
2017-07-19,332.50,DAISY RECRUITMENT LTD,Corporate Affairs
2017-07-24,332.50,DAISY RECRUITMENT LTD,Corporate Affairs
2017-07-12,5120.00,MAZARS LLP,Corporate Affairs
2017-07-05,5120.00,MAZARS LLP,Corporate Affairs
2017-07-17,300.00,VENN GROUP LTD,Corporate Affairs
2017-07-17,300.00,VENN GROUP LTD,Corporate Affairs
2017-07-19,300.00,VENN GROUP LTD,Corporate Affairs
2017-07-26,1158.00,PLATINUM PRINT LTD,Corporate Affairs
2017-07-31,370.10,REDACTED - PERSONAL DATA,Corporate Affairs
2017-07-19,3913.00,APSE,Corporate Affairs
2017-07-03,880.00,FREEDOM HOTELS LTD,Corporate Affairs
2017-07-26,235.00,REDFERN TRAVEL LTD,Corporate Affairs
2017-07-12,400.00,STUDLEY HOTEL LTD,Corporate Affairs
2017-07-26,23.70,REDFERN TRAVEL LTD,Corporate Affairs
2017-07-26,257.00,REDFERN TRAVEL LTD,Corporate Affairs
2017-07-26,38.50,REDFERN TRAVEL LTD,Corporate Affairs
2017-07-26,184.00,REDFERN TRAVEL LTD,Corporate Affairs
2017-07-05,845.00,TIG,Corporate Affairs
2017-07-12,370.00,BANKING AUTOMATION LIMITED,Corporate Affairs
2017-07-26,575.00,GREENHALGH KERR,Corporate Affairs
2017-07-26,53.00,GREENHALGH KERR,Corporate Affairs
2017-07-31,2085.00,GREENHALGH KERR,Corporate Affairs
2017-07-31,275.00,GREENHALGH KERR,Corporate Affairs
2017-07-31,338.00,GREENHALGH KERR,Corporate Affairs
2017-07-19,500.00,ADARE LIMITED,Corporate Affairs
2017-07-19,800.00,ADARE LIMITED,Corporate Affairs
2017-07-12,300.00,ARROW SELF DRIVE,Corporate Affairs
2017-07-17,710.53,ELECTORAL REFORM SERVICES,Corporate Affairs
2017-07-26,47.71,REDFERN TRAVEL LTD,Corporate Affairs
2017-07-26,99.33,REDFERN TRAVEL LTD,Corporate Affairs
2017-07-26,47.71,REDFERN TRAVEL LTD,Corporate Affairs
2017-07-19,1425.26,ROYAL MAIL GROUP LTD,Corporate Affairs
2017-07-05,2600.48,ROYAL MAIL GROUP LTD,Corporate Affairs
2017-07-12,2671.93,ROYAL MAIL GROUP LTD,Corporate Affairs
2017-07-05,509.50,MIDLAND SOFTWARE LIMITED,Corporate Affairs
2017-07-05,1019.00,MIDLAND SOFTWARE LIMITED,Corporate Affairs
2017-07-26,135.20,REDFERN TRAVEL LTD,Corporate Affairs
2017-07-26,6000.00,ASTUN TECHNOLOGY LTD,Corporate Affairs
2017-07-31,44.85,DAISY COMMUNICATIONS LTD,Corporate Affairs
2017-07-31,44.85,DAISY COMMUNICATIONS LTD,Corporate Affairs
2017-07-31,44.85,DAISY COMMUNICATIONS LTD,Corporate Affairs
2017-07-31,44.85,DAISY COMMUNICATIONS LTD,Corporate Affairs
2017-07-31,44.85,DAISY COMMUNICATIONS LTD,Corporate Affairs
2017-07-31,44.85,DAISY COMMUNICATIONS LTD,Corporate Affairs
2017-07-31,44.85,DAISY COMMUNICATIONS LTD,Corporate Affairs
2017-07-31,43.20,DAISY COMMUNICATIONS LTD,Corporate Affairs
2017-07-31,41.97,DAISY COMMUNICATIONS LTD,Corporate Affairs
2017-07-31,34.95,DAISY COMMUNICATIONS LTD,Corporate Affairs
2017-07-31,34.95,DAISY COMMUNICATIONS LTD,Corporate Affairs
2017-07-31,34.95,DAISY COMMUNICATIONS LTD,Corporate Affairs
2017-07-31,34.95,DAISY COMMUNICATIONS LTD,Corporate Affairs
2017-07-31,34.95,DAISY COMMUNICATIONS LTD,Corporate Affairs
2017-07-31,34.95,DAISY COMMUNICATIONS LTD,Corporate Affairs
2017-07-31,34.95,DAISY COMMUNICATIONS LTD,Corporate Affairs
2017-07-31,34.95,DAISY COMMUNICATIONS LTD,Corporate Affairs
2017-07-31,34.95,DAISY COMMUNICATIONS LTD,Corporate Affairs
2017-07-31,34.95,DAISY COMMUNICATIONS LTD,Corporate Affairs
2017-07-31,34.95,DAISY COMMUNICATIONS LTD,Corporate Affairs
2017-07-31,34.95,DAISY COMMUNICATIONS LTD,Corporate Affairs
2017-07-31,34.95,DAISY COMMUNICATIONS LTD,Corporate Affairs
2017-07-31,34.95,DAISY COMMUNICATIONS LTD,Corporate Affairs
2017-07-31,34.95,DAISY COMMUNICATIONS LTD,Corporate Affairs
2017-07-31,34.95,DAISY COMMUNICATIONS LTD,Corporate Affairs
2017-07-31,34.95,DAISY COMMUNICATIONS LTD,Corporate Affairs
2017-07-31,34.95,DAISY COMMUNICATIONS LTD,Corporate Affairs
2017-07-31,34.95,DAISY COMMUNICATIONS LTD,Corporate Affairs
2017-07-31,34.95,DAISY COMMUNICATIONS LTD,Corporate Affairs
2017-07-31,34.95,DAISY COMMUNICATIONS LTD,Corporate Affairs
2017-07-31,34.95,DAISY COMMUNICATIONS LTD,Corporate Affairs
2017-07-31,34.95,DAISY COMMUNICATIONS LTD,Corporate Affairs
2017-07-31,34.95,DAISY COMMUNICATIONS LTD,Corporate Affairs
2017-07-31,34.95,DAISY COMMUNICATIONS LTD,Corporate Affairs
2017-07-31,21.18,DAISY COMMUNICATIONS LTD,Corporate Affairs
2017-07-31,15.24,DAISY COMMUNICATIONS LTD,Corporate Affairs
2017-07-31,9.03,DAISY COMMUNICATIONS LTD,Corporate Affairs
2017-07-31,6.76,DAISY COMMUNICATIONS LTD,Corporate Affairs
2017-07-31,6.51,DAISY COMMUNICATIONS LTD,Corporate Affairs
2017-07-31,4.50,DAISY COMMUNICATIONS LTD,Corporate Affairs
2017-07-31,1.46,DAISY COMMUNICATIONS LTD,Corporate Affairs
2017-07-31,1.40,DAISY COMMUNICATIONS LTD,Corporate Affairs
2017-07-31,1.13,DAISY COMMUNICATIONS LTD,Corporate Affairs
2017-07-31,0.87,DAISY COMMUNICATIONS LTD,Corporate Affairs
2017-07-31,0.77,DAISY COMMUNICATIONS LTD,Corporate Affairs
2017-07-31,98.55,DAISY COMMUNICATIONS LTD,Corporate Affairs
2017-07-31,80.64,DAISY COMMUNICATIONS LTD,Corporate Affairs
2017-07-31,53.49,DAISY COMMUNICATIONS LTD,Corporate Affairs
2017-07-31,45.00,DAISY COMMUNICATIONS LTD,Corporate Affairs
2017-07-31,0.24,DAISY COMMUNICATIONS LTD,Corporate Affairs
2017-07-31,0.23,DAISY COMMUNICATIONS LTD,Corporate Affairs
2017-07-31,0.10,DAISY COMMUNICATIONS LTD,Corporate Affairs
2017-07-31,0.02,DAISY COMMUNICATIONS LTD,Corporate Affairs
2017-07-31,0.02,DAISY COMMUNICATIONS LTD,Corporate Affairs
2017-07-31,0.02,DAISY COMMUNICATIONS LTD,Corporate Affairs
2017-07-31,0.02,DAISY COMMUNICATIONS LTD,Corporate Affairs
2017-07-31,371.96,DAISY COMMUNICATIONS LTD,Corporate Affairs
2017-07-31,139.80,DAISY COMMUNICATIONS LTD,Corporate Affairs
2017-07-31,104.85,DAISY COMMUNICATIONS LTD,Corporate Affairs
2017-07-31,17132.68,NYNET LTD,Corporate Affairs
2017-07-05,1800.00,PARK PLACE TECHNOLOGIES LIMITED,Corporate Affairs
2017-07-05,977.00,SAFECONTROL LTD,Corporate Affairs
2017-07-19,8560.00,SAFECONTROL LTD,Corporate Affairs
2017-07-26,430.14,THE ROCOM GROUP,Corporate Affairs
2017-07-26,9.95,THE ROCOM GROUP,Corporate Affairs
2017-07-26,2223.76,TRUSTMARQUE SOLUTIONS LTD,Corporate Affairs
2017-07-26,38229.52,TRUSTMARQUE SOLUTIONS LTD,Corporate Affairs
2017-07-17,760.46,VIRGIN MEDIA BUSINESS,Corporate Affairs
2017-07-10,39.62,VIRGIN MEDIA PAYMENTS LTD,Corporate Affairs
2017-07-10,39.65,VIRGIN MEDIA PAYMENTS LTD,Corporate Affairs
2017-07-10,9.90,VIRGIN MEDIA PAYMENTS LTD,Corporate Affairs
2017-07-10,13.02,VIRGIN MEDIA PAYMENTS LTD,Corporate Affairs
2017-07-10,9.90,VIRGIN MEDIA PAYMENTS LTD,Corporate Affairs
2017-07-10,29.70,VIRGIN MEDIA PAYMENTS LTD,Corporate Affairs
2017-07-10,9.90,VIRGIN MEDIA PAYMENTS LTD,Corporate Affairs
2017-07-10,10.41,VIRGIN MEDIA PAYMENTS LTD,Corporate Affairs
2017-07-10,30.39,VIRGIN MEDIA PAYMENTS LTD,Corporate Affairs
2017-07-10,39.61,VIRGIN MEDIA PAYMENTS LTD,Corporate Affairs
2017-07-10,9.90,VIRGIN MEDIA PAYMENTS LTD,Corporate Affairs
2017-07-10,31.85,VIRGIN MEDIA PAYMENTS LTD,Corporate Affairs
2017-07-10,20.47,VIRGIN MEDIA PAYMENTS LTD,Corporate Affairs
2017-07-10,39.60,VIRGIN MEDIA PAYMENTS LTD,Corporate Affairs
2017-07-10,20.13,VIRGIN MEDIA PAYMENTS LTD,Corporate Affairs
2017-07-10,9.90,VIRGIN MEDIA PAYMENTS LTD,Corporate Affairs
2017-07-10,20.57,VIRGIN MEDIA PAYMENTS LTD,Corporate Affairs
2017-07-10,9.90,VIRGIN MEDIA PAYMENTS LTD,Corporate Affairs
2017-07-10,20.59,VIRGIN MEDIA PAYMENTS LTD,Corporate Affairs
2017-07-10,19.80,VIRGIN MEDIA PAYMENTS LTD,Corporate Affairs
2017-07-10,19.80,VIRGIN MEDIA PAYMENTS LTD,Corporate Affairs
2017-07-10,69.70,VIRGIN MEDIA PAYMENTS LTD,Corporate Affairs
2017-07-10,9.90,VIRGIN MEDIA PAYMENTS LTD,Corporate Affairs
2017-07-10,30.82,VIRGIN MEDIA PAYMENTS LTD,Corporate Affairs
2017-07-10,9.91,VIRGIN MEDIA PAYMENTS LTD,Corporate Affairs
2017-07-10,19.82,VIRGIN MEDIA PAYMENTS LTD,Corporate Affairs
2017-07-10,40.24,VIRGIN MEDIA PAYMENTS LTD,Corporate Affairs
2017-07-10,89.10,VIRGIN MEDIA PAYMENTS LTD,Corporate Affairs
2017-07-10,39.62,VIRGIN MEDIA PAYMENTS LTD,Corporate Affairs
2017-07-10,49.52,VIRGIN MEDIA PAYMENTS LTD,Corporate Affairs
2017-07-10,29.70,VIRGIN MEDIA PAYMENTS LTD,Corporate Affairs
2017-07-10,109.36,VIRGIN MEDIA PAYMENTS LTD,Corporate Affairs
2017-07-10,268.30,VIRGIN MEDIA PAYMENTS LTD,Corporate Affairs
2017-07-10,32.18,VIRGIN MEDIA PAYMENTS LTD,Corporate Affairs
2017-07-10,19.80,VIRGIN MEDIA PAYMENTS LTD,Corporate Affairs
2017-07-10,29.84,VIRGIN MEDIA PAYMENTS LTD,Corporate Affairs
2017-07-10,81.84,VIRGIN MEDIA PAYMENTS LTD,Corporate Affairs
2017-07-10,26.09,VIRGIN MEDIA PAYMENTS LTD,Corporate Affairs
2017-07-10,19.80,VIRGIN MEDIA PAYMENTS LTD,Corporate Affairs
2017-07-10,19.82,VIRGIN MEDIA PAYMENTS LTD,Corporate Affairs
2017-07-10,9.90,VIRGIN MEDIA PAYMENTS LTD,Corporate Affairs
2017-07-10,29.70,VIRGIN MEDIA PAYMENTS LTD,Corporate Affairs
2017-07-10,30.33,VIRGIN MEDIA PAYMENTS LTD,Corporate Affairs
2017-07-10,25.10,VIRGIN MEDIA PAYMENTS LTD,Corporate Affairs
2017-07-05,9.90,VIRGIN MEDIA PAYMENTS LTD,Corporate Affairs
2017-07-05,12.70,VIRGIN MEDIA PAYMENTS LTD,Corporate Affairs
2017-07-05,109.35,VIRGIN MEDIA PAYMENTS LTD,Corporate Affairs
2017-07-05,269.94,VIRGIN MEDIA PAYMENTS LTD,Corporate Affairs
2017-07-05,32.97,VIRGIN MEDIA PAYMENTS LTD,Corporate Affairs
2017-07-05,19.80,VIRGIN MEDIA PAYMENTS LTD,Corporate Affairs
2017-07-05,29.70,VIRGIN MEDIA PAYMENTS LTD,Corporate Affairs
2017-07-05,29.70,VIRGIN MEDIA PAYMENTS LTD,Corporate Affairs
2017-07-05,19.93,VIRGIN MEDIA PAYMENTS LTD,Corporate Affairs
2017-07-05,9.90,VIRGIN MEDIA PAYMENTS LTD,Corporate Affairs
2017-07-05,20.75,VIRGIN MEDIA PAYMENTS LTD,Corporate Affairs
2017-07-05,9.90,VIRGIN MEDIA PAYMENTS LTD,Corporate Affairs
2017-07-05,20.70,VIRGIN MEDIA PAYMENTS LTD,Corporate Affairs
2017-07-05,19.80,VIRGIN MEDIA PAYMENTS LTD,Corporate Affairs
2017-07-05,20.31,VIRGIN MEDIA PAYMENTS LTD,Corporate Affairs
2017-07-05,69.70,VIRGIN MEDIA PAYMENTS LTD,Corporate Affairs
2017-07-05,9.90,VIRGIN MEDIA PAYMENTS LTD,Corporate Affairs
2017-07-05,31.12,VIRGIN MEDIA PAYMENTS LTD,Corporate Affairs
2017-07-05,9.90,VIRGIN MEDIA PAYMENTS LTD,Corporate Affairs
2017-07-05,19.82,VIRGIN MEDIA PAYMENTS LTD,Corporate Affairs
2017-07-05,40.32,VIRGIN MEDIA PAYMENTS LTD,Corporate Affairs
2017-07-05,89.10,VIRGIN MEDIA PAYMENTS LTD,Corporate Affairs
2017-07-05,9.90,VIRGIN MEDIA PAYMENTS LTD,Corporate Affairs
2017-07-05,9.90,VIRGIN MEDIA PAYMENTS LTD,Corporate Affairs
2017-07-05,10.16,VIRGIN MEDIA PAYMENTS LTD,Corporate Affairs
2017-07-05,22.28,VIRGIN MEDIA PAYMENTS LTD,Corporate Affairs
2017-07-05,30.09,VIRGIN MEDIA PAYMENTS LTD,Corporate Affairs
2017-07-05,39.61,VIRGIN MEDIA PAYMENTS LTD,Corporate Affairs
2017-07-05,9.90,VIRGIN MEDIA PAYMENTS LTD,Corporate Affairs
2017-07-05,32.38,VIRGIN MEDIA PAYMENTS LTD,Corporate Affairs
2017-07-05,20.20,VIRGIN MEDIA PAYMENTS LTD,Corporate Affairs
2017-07-05,39.60,VIRGIN MEDIA PAYMENTS LTD,Corporate Affairs
2017-07-05,184.04,VIRGIN MEDIA PAYMENTS LTD,Corporate Affairs
2017-07-05,25.10,VIRGIN MEDIA PAYMENTS LTD,Corporate Affairs
2017-07-05,19.80,VIRGIN MEDIA PAYMENTS LTD,Corporate Affairs
2017-07-05,19.82,VIRGIN MEDIA PAYMENTS LTD,Corporate Affairs
2017-07-05,9.90,VIRGIN MEDIA PAYMENTS LTD,Corporate Affairs
2017-07-05,29.70,VIRGIN MEDIA PAYMENTS LTD,Corporate Affairs
2017-07-05,30.80,VIRGIN MEDIA PAYMENTS LTD,Corporate Affairs
2017-07-05,39.63,VIRGIN MEDIA PAYMENTS LTD,Corporate Affairs
2017-07-05,49.53,VIRGIN MEDIA PAYMENTS LTD,Corporate Affairs
2017-07-05,29.71,VIRGIN MEDIA PAYMENTS LTD,Corporate Affairs
2017-07-05,39.64,VIRGIN MEDIA PAYMENTS LTD,Corporate Affairs
2017-07-05,39.66,VIRGIN MEDIA PAYMENTS LTD,Corporate Affairs
2017-07-05,4154.08,VIRGIN MEDIA PAYMENTS LTD,Corporate Affairs
2017-07-05,23926.00,VIRGIN MEDIA PAYMENTS LTD,Corporate Affairs
2017-07-05,3806.90,VIRGIN MEDIA PAYMENTS LTD,Corporate Affairs
2017-07-31,6419.18,WELLDATA LTD,Corporate Affairs
2017-07-24,1250.00,BEVAN BRITTAN LLP,Corporate Affairs
2017-07-24,1297.00,BPP PROFESSIONAL EDUCATION LTD,Corporate Affairs
2017-07-19,249.00,EVERSHEDS SUTHERLAND (INTERNATIONAL) LLP,Corporate Affairs
2017-07-31,1750.00,MISS SARAH REID,Corporate Affairs
2017-07-31,8285.00,MISS SARAH REID,Corporate Affairs
2017-07-03,375.00,MR NICK SIDDALL,Corporate Affairs
2017-07-31,4434.20,MR NICK SIDDALL,Corporate Affairs
2017-07-26,262.50,MS CONSTANZE BELL,Corporate Affairs
2017-07-24,375.00,MS CONSTANZE BELL,Corporate Affairs
2017-07-26,42.20,REDFERN TRAVEL LTD,Corporate Affairs
2017-07-31,6020.16,THOMSON REUTERS,Corporate Affairs
2017-07-24,8281.97,THOMSON REUTERS,Corporate Affairs
2017-07-19,258.16,TMP (UK) LTD,Corporate Affairs
2017-07-26,258.16,TMP (UK) LTD,Corporate Affairs
2017-07-17,2020.20,WALKER MORRIS SOLICITORS,Corporate Affairs
2017-07-31,350.00,A & A COACH TRAVEL,Corporate Affairs
2017-07-31,350.00,A & A COACH TRAVEL,Corporate Affairs
2017-07-31,3000.00,FRIENDS OF GREEN HAMMERTON CE PRIMARY SCHOOL,Corporate Affairs
2017-07-31,2000.00,MARTON CUM GRAFTON WOODLANDS GROUP,Corporate Affairs
2017-07-17,2642.50,BRIDGE MECHANICAL SERVICES LTD,Economy & Culture
2017-07-26,376.67,CROWNE PLAZA,Economy & Culture
2017-07-26,23.00,REDFERN TRAVEL LTD,Economy & Culture
2017-07-26,33.60,REDFERN TRAVEL LTD,Economy & Culture
2017-07-26,34.20,REDFERN TRAVEL LTD,Economy & Culture
2017-07-26,49.00,REDFERN TRAVEL LTD,Economy & Culture
2017-07-26,5.20,REDFERN TRAVEL LTD,Economy & Culture
2017-07-26,49.00,REDFERN TRAVEL LTD,Economy & Culture
2017-07-17,876.00,BRITANNIA PRESERVATION LTD,Economy & Culture
2017-07-05,337.50,BROOK STREET (UK) LTD,Economy & Culture
2017-07-10,474.00,CPA GLOBAL LIMITED,Economy & Culture
2017-07-24,12288.00,NIDDERDALE LIMITED,Economy & Culture
2017-07-05,19.95,PURCHASE POWER,Economy & Culture
2017-07-05,415.39,PURCHASE POWER,Economy & Culture
2017-07-05,16.00,PURCHASE POWER,Economy & Culture
2017-07-03,19.95,PURCHASE POWER,Economy & Culture
2017-07-03,600.00,PURCHASE POWER,Economy & Culture
2017-07-03,21.00,PURCHASE POWER,Economy & Culture
2017-07-26,300.00,SKINNY DESIGN LTD,Economy & Culture
2017-07-03,300.00,SKINNY DESIGN LTD,Economy & Culture
2017-07-24,1200.50,NUNEATON SIGNS LTD,Economy & Culture
2017-07-26,1312.23,ANGLIAN LEPIDOPTERIST SUPPLIES,Economy & Culture
2017-07-26,87.98,ANGLIAN LEPIDOPTERIST SUPPLIES,Economy & Culture
2017-07-26,87.98,ANGLIAN LEPIDOPTERIST SUPPLIES,Economy & Culture
2017-07-17,398.00,ARCO LTD,Economy & Culture
2017-07-19,3200.00,MR P J COWDREY,Economy & Culture
2017-07-31,250.00,MRS E A MILNER,Economy & Culture
2017-07-24,332.00,OSPREY DELIVERS,Economy & Culture
2017-07-31,1600.00,PTW,Economy & Culture
2017-07-26,648.00,THE NATIONAL ASSOCIATION FOR AONBs,Economy & Culture
2017-07-10,1260.00,MATCHTECH GROUP UK LTD,Economy & Culture
2017-07-19,1332.00,MATCHTECH GROUP UK LTD,Economy & Culture
2017-07-12,1332.00,MATCHTECH GROUP UK LTD,Economy & Culture
2017-07-10,1332.00,MATCHTECH GROUP UK LTD,Economy & Culture
2017-07-26,1332.00,MATCHTECH GROUP UK LTD,Economy & Culture
2017-07-24,550.00,AIREDALE INTER AIR CONDITIONING LTD,Economy & Culture
2017-07-24,1222.00,AIREDALE INTER AIR CONDITIONING LTD,Economy & Culture
2017-07-17,1242.37,CORONA ENERGY RETAIL 4 LTD,Economy & Culture
2017-07-26,3115.97,CORONA ENERGY RETAIL 4 LTD,Economy & Culture
2017-07-26,3383.76,CORONA ENERGY RETAIL 4 LTD,Economy & Culture
2017-07-17,97.55,CORONA ENERGY RETAIL 4 LTD,Economy & Culture
2017-07-26,262.70,CORONA ENERGY RETAIL 4 LTD,Economy & Culture
2017-07-26,352.48,CORONA ENERGY RETAIL 4 LTD,Economy & Culture
2017-07-17,125.00,GLOBAL ENVIRONMENTAL EXCELLENCE LTD,Economy & Culture
2017-07-17,239.50,GLOBAL ENVIRONMENTAL EXCELLENCE LTD,Economy & Culture
2017-07-17,125.00,GLOBAL ENVIRONMENTAL EXCELLENCE LTD,Economy & Culture
2017-07-19,1212.80,SCOTTON PARK ELECTRICAL CONTRACTORS,Economy & Culture
2017-07-19,640.00,SCOTTON PARK ELECTRICAL CONTRACTORS,Economy & Culture
2017-07-19,640.00,SCOTTON PARK ELECTRICAL CONTRACTORS,Economy & Culture
2017-07-05,307.45,A&A VRYLANDT LTD,Economy & Culture
2017-07-05,14.95,A&A VRYLANDT LTD,Economy & Culture
2017-07-05,14.95,A&A VRYLANDT LTD,Economy & Culture
2017-07-26,575.00,BULLOUGHS CLEANING SERVICES LTD,Economy & Culture
2017-07-26,804.00,DAVID EVERINGHAM CONSERVATION LTD,Economy & Culture
2017-07-19,64.24,FARRAHS OF HARROGATE LTD,Economy & Culture
2017-07-19,150.32,FARRAHS OF HARROGATE LTD,Economy & Culture
2017-07-17,320.00,FRANCES PAYNE,Economy & Culture
2017-07-05,1040.00,HELEN PEYTON,Economy & Culture
2017-07-26,387.00,J S MILES,Economy & Culture
2017-07-05,3000.00,KAREN SOUTHWORTH,Economy & Culture
2017-07-17,350.00,LIZZIE COOMBES,Economy & Culture
2017-07-17,230.00,N BARKER,Economy & Culture
2017-07-10,695.00,N BARKER,Economy & Culture
2017-07-12,264.50,THE HARROGATE ARTS & MERCER GALLERY DEVELOPMENT TRUST,Economy & Culture
2017-07-10,1195.00,TIG,Economy & Culture
2017-07-05,247.35,AIR LIQUIDE UK LTD,Economy & Culture
2017-07-05,570.00,AROUND AND ABOUT DISTRIBUTION,Economy & Culture
2017-07-24,378.00,ASA AWARDING BODY,Economy & Culture
2017-07-24,567.00,ASA AWARDING BODY,Economy & Culture
2017-07-10,248.86,ASA AWARDS,Economy & Culture
2017-07-10,322.94,ASA AWARDS,Economy & Culture
2017-07-26,451.19,ASA AWARDS,Economy & Culture
2017-07-19,5856.45,BERENDSEN UK LTD,Economy & Culture
2017-07-31,101.25,BIOCHEMICA WATER LTD,Economy & Culture
2017-07-31,33.75,BIOCHEMICA WATER LTD,Economy & Culture
2017-07-31,67.50,BIOCHEMICA WATER LTD,Economy & Culture
2017-07-31,33.75,BIOCHEMICA WATER LTD,Economy & Culture
2017-07-31,202.50,BIOCHEMICA WATER LTD,Economy & Culture
2017-07-31,33.75,BIOCHEMICA WATER LTD,Economy & Culture
2017-07-17,638.00,BRITISH GYMNASTICS,Economy & Culture
2017-07-26,310.48,CRYOSERVICE LTD,Economy & Culture
2017-07-26,595.34,CRYOSERVICE LTD,Economy & Culture
2017-07-19,652.94,CRYSTAL RADIO SYSTEMS LTD,Economy & Culture
2017-07-12,896.55,DAVINES UK LTD,Economy & Culture
2017-07-26,1266.45,DAVINES UK LTD,Economy & Culture
2017-07-24,1225.00,DE-SIGNS SIGNS & GRAPHICS CENTRE LTD,Economy & Culture
2017-07-24,3000.00,DE-SIGNS SIGNS & GRAPHICS CENTRE LTD,Economy & Culture
2017-07-05,333.35,GERRARD INTERNATIONAL LTD,Economy & Culture
2017-07-24,111.00,GLOBAL ENVIRONMENTAL EXCELLENCE LTD,Economy & Culture
2017-07-24,111.00,GLOBAL ENVIRONMENTAL EXCELLENCE LTD,Economy & Culture
2017-07-24,333.00,GLOBAL ENVIRONMENTAL EXCELLENCE LTD,Economy & Culture
2017-07-24,111.00,GLOBAL ENVIRONMENTAL EXCELLENCE LTD,Economy & Culture
2017-07-24,666.00,GLOBAL ENVIRONMENTAL EXCELLENCE LTD,Economy & Culture
2017-07-24,222.00,GLOBAL ENVIRONMENTAL EXCELLENCE LTD,Economy & Culture
2017-07-19,215.00,HACS ENVIRONMENTAL LLP,Economy & Culture
2017-07-19,316.50,INDUSTRIAL CHEMICALS LTD,Economy & Culture
2017-07-19,271.33,INFLATABLE TESTING & REPAIRING,Economy & Culture
2017-07-19,271.33,INFLATABLE TESTING & REPAIRING,Economy & Culture
2017-07-12,450.33,INFLATABLE TESTING & REPAIRING,Economy & Culture
2017-07-26,222.20,J P LENNARD LTD,Economy & Culture
2017-07-26,289.70,J P LENNARD LTD,Economy & Culture
2017-07-31,19500.00,KPMG LLP,Economy & Culture
2017-07-12,298.51,P P SNACK FOODS LTD,Economy & Culture
2017-07-12,22.98,P P SNACK FOODS LTD,Economy & Culture
2017-07-12,22.98,P P SNACK FOODS LTD,Economy & Culture
2017-07-10,238.50,PROFESSIONAL PAPER SUPPLIES LTD,Economy & Culture
2017-07-05,345.70,PROFESSIONAL PAPER SUPPLIES LTD,Economy & Culture
2017-07-19,211.67,PROLOGUE PERFORMANCE CYCLING LIMITED,Economy & Culture
2017-07-19,648.00,RLSS UK ENTERPRISES LTD,Economy & Culture
2017-07-31,363.67,RUNNING IMP INTERNATIONAL SPORTS LTD,Economy & Culture
2017-07-03,508.60,SOLUTIONS FOR LEISURE LTD,Economy & Culture
2017-07-31,1440.00,SOLUTIONS FOR LEISURE LTD,Economy & Culture
2017-07-26,250.00,STRAY FM,Economy & Culture
2017-07-26,800.00,STRAY FM,Economy & Culture
2017-07-05,591.77,THE PERFORMING RIGHT SOCIETY LTD,Economy & Culture
2017-07-05,360.00,TIG,Economy & Culture
2017-07-10,650.00,V B JOHNSON LLP,Economy & Culture
2017-07-12,800.00,WARNES NURSERIES LTD,Economy & Culture
2017-07-26,231.88,ZOGGS INTERNATIONAL LIMITED,Economy & Culture
2017-07-12,252.00,ZOGGS INTERNATIONAL LIMITED,Economy & Culture
2017-07-26,286.13,ZOGGS INTERNATIONAL LIMITED,Economy & Culture
2017-07-05,636.18,ZOGGS INTERNATIONAL LIMITED,Economy & Culture
2017-07-05,64.80,ZOGGS INTERNATIONAL LIMITED,Economy & Culture
2017-07-05,64.80,ZOGGS INTERNATIONAL LIMITED,Economy & Culture
2017-07-05,1089.39,ZOGGS INTERNATIONAL LIMITED,Economy & Culture
2017-07-19,680.78,OUTSTANDING MAP DISTRIBUTORS LTD,Economy & Culture
2017-07-26,568.00,THE PROP FACTORY LTD T/A GIANT DECKCHAIRS,Economy & Culture
2017-07-26,1825.00,AV MATRIX LTD,HIC
2017-07-10,264.27,BNP PARIBAS LEASING SOLUTIONS LIMITED,HIC
2017-07-10,283.96,BNP PARIBAS LEASING SOLUTIONS LIMITED,HIC
2017-07-10,510.46,BNP PARIBAS LEASING SOLUTIONS LIMITED,HIC
2017-07-26,11030.40,CHURCHILL SECURITY SOLUTIONS LTD,HIC
2017-07-05,734.76,CORDANT PEOPLE LIMITED,HIC
2017-07-26,411.67,COXON BROTHERS,HIC
2017-07-26,1046.00,DE-SIGNS SIGNS & GRAPHICS CENTRE LTD,HIC
2017-07-05,2000.00,EXTREME CREATIONS LTD,HIC
2017-07-19,50.00,HARROGATE THEATRE,HIC
2017-07-19,386.24,HARROGATE THEATRE,HIC
2017-07-10,1800.00,JAPS ENGINEERING,HIC
2017-07-05,346.50,KUDOS CATERING (UK) LTD,HIC
2017-07-26,4667.00,LAVENDER BLACK EVENT CONSTRUCTION LTD,HIC
2017-07-24,5000.00,NORTHERN ANTIQUE DEALERS FAIR LTD,HIC
2017-07-03,293.00,PAKAWASTE ENGINEERING SERVICES LIMITED,HIC
2017-07-19,5.30,PREMIER FARNELL UK LTD,HIC
2017-07-19,355.36,PREMIER FARNELL UK LTD,HIC
2017-07-05,2492.55,REDCENTRIC SOLUTIONS LIMITED,HIC
2017-07-31,1500.00,SET2STAGE LTD,HIC
2017-07-19,375.38,SHOWSEC INTERNATIONAL LIMITED,HIC
2017-07-10,457.60,SHOWSEC INTERNATIONAL LIMITED,HIC
2017-07-05,457.60,SHOWSEC INTERNATIONAL LIMITED,HIC
2017-07-05,1275.00,X-VENTURE LIMITED,HIC
2017-07-12,398.00,ASSOCIATION OF EVENT VENUES LIMITED,HIC
2017-07-12,1620.00,CAMPAIGNMASTER,HIC
2017-07-19,624.00,CLARKE ASSOCIATES UK LIMITED,HIC
2017-07-31,835.00,CRUSADE EVENT TRAFFIC LIMITED,HIC
2017-07-19,1360.00,DE-SIGNS SIGNS & GRAPHICS CENTRE LTD,HIC
2017-07-26,675.00,DRP UK LTD,HIC
2017-07-12,1040.00,ED FIELDING PHOTOGRAPHY,HIC
2017-07-05,2000.00,HARROGATE FESTIVAL DEVELOPMENT LTD,HIC
2017-07-12,380.00,HARROGATE SCAFFOLDING,HIC
2017-07-26,7.90,REDFERN TRAVEL LTD,HIC
2017-07-26,7.90,REDFERN TRAVEL LTD,HIC
2017-07-26,134.70,REDFERN TRAVEL LTD,HIC
2017-07-26,134.70,REDFERN TRAVEL LTD,HIC
2017-07-12,795.00,ROBINSONS MECHANICAL & ELECTRICAL LTD,HIC
2017-07-10,244.17,SHOWSEC INTERNATIONAL LIMITED,HIC
2017-07-19,103.78,SHOWSEC INTERNATIONAL LIMITED,HIC
2017-07-19,322.34,SHOWSEC INTERNATIONAL LIMITED,HIC
2017-07-05,594.09,SHOWSEC INTERNATIONAL LIMITED,HIC
2017-07-12,418.78,SHOWSEC INTERNATIONAL LIMITED,HIC
2017-07-12,251.60,SHOWSEC INTERNATIONAL LIMITED,HIC
2017-07-05,784.77,SHOWSEC INTERNATIONAL LIMITED,HIC
2017-07-10,805.47,SHOWSEC INTERNATIONAL LIMITED,HIC
2017-07-12,959.23,SHOWSEC INTERNATIONAL LIMITED,HIC
2017-07-12,1428.36,SHOWSEC INTERNATIONAL LIMITED,HIC
2017-07-05,4431.80,SHOWSEC INTERNATIONAL LIMITED,HIC
2017-07-05,62.64,SHOWSEC INTERNATIONAL LIMITED,HIC
2017-07-05,284.49,SHOWSEC INTERNATIONAL LIMITED,HIC
2017-07-12,2070.27,SHOWSEC INTERNATIONAL LIMITED,HIC
2017-07-12,232.29,SHOWSEC INTERNATIONAL LIMITED,HIC
2017-07-12,945.84,SHOWSEC INTERNATIONAL LIMITED,HIC
2017-07-12,1632.26,SHOWSEC INTERNATIONAL LIMITED,HIC
2017-07-05,5315.11,SHOWSEC INTERNATIONAL LIMITED,HIC
2017-07-12,525.69,SHOWSEC INTERNATIONAL LIMITED,HIC
2017-07-05,234.90,SHOWSEC INTERNATIONAL LIMITED,HIC
2017-07-05,117.44,SHOWSEC INTERNATIONAL LIMITED,HIC
2017-07-05,459.36,SHOWSEC INTERNATIONAL LIMITED,HIC
2017-07-05,2426.80,SHOWSEC INTERNATIONAL LIMITED,HIC
2017-07-17,260.00,SKINNY DESIGN LTD,HIC
2017-07-17,432.00,SKINNY DESIGN LTD,HIC
2017-07-12,714.00,THE SITE SUPPLY COMPANY LTD,HIC
2017-07-10,427.50,TIM STUBBS CAD AND VISUALISATION,HIC
2017-07-19,1350.00,WATTERSTON ASSOCIATES LTD,HIC
2017-07-19,880.00,YORKSHIRE LIGHTING SERVICES,HIC
